82c09d29-36c7-4ceb-b8d9-a0f9e8d2ba35,0,0,0,0,0,0,1,0,0
210c183c-4b41-4aab-a3c0-74c0345ef80f,0,0,0,0,0,0,1,0,0
12f4bdf4-1645-42e4-8cd6-1ed4501cdce2,1,1,1,0,0,0,1,0,0
b28d8b62-906b-4414-b50e-4275020df712,0,0,0,0,1,0,0,0,0
31c32f7e-324a-4883-8f0a-006ebc5b40be,0,0,0,0,0,1,0,1,1
7baf075f-343d-4d96-b27f-311ec47fe207,0,0,0,0,1,0,0,0,0
e8c4fdba-e3c1-45e6-97f5-4ed4fa176733,1,1,0,0,0,1,0,0,0
7362fe65-8d9d-4a78-a875-1c0126c93474,0,0,0,0,0,0,1,0,0
d87d1cbd-ee0d-4a27-b5fe-9a1bc661c166,0,0,0,0,1,1,0,0,1
5ce79e9c-7255-403a-93d8-1313bcce0b31,0,0,0,0,1,0,0,0,1
3bcec0ad-5cee-48e0-ab99-e415bd4dc0c4,0,0,0,0,1,0,0,0,1
b985b69a-4b2b-44a8-8cae-b2485c3716db,0,0,0,0,1,0,0,0,1
54bb136c-7206-4264-96b6-d83b99b2741d,0,0,0,0,1,1,0,0,1
50856cf1-da69-4eac-8d58-1b130d7a4307,1,0,1,0,0,0,1,0,0
624af9af-254e-4142-bad2-ae7d82c47bc5,1,0,1,0,0,0,1,0,0
48b6e869-d93a-4546-8851-c23f94436ba4,1,0,0,0,1,0,0,0,0
67d1114d-e67d-41ce-a5ac-b20ad903f563,0,0,0,0,1,0,0,0,0
7b98be7b-c6d3-47ab-b149-12e548abef17,0,0,0,1,0,1,1,0,0
7fc97d3b-1668-45c9-b3fa-4c2a8e6a8785,1,0,1,0,0,0,0,0,0
3e8473fc-b34d-4a52-bc68-12c032b09a45,0,0,0,0,1,1,0,0,1
28398316-3b27-4074-981f-ff47b061c1b1,1,0,0,0,1,0,0,0,0
0ce70c45-bbbd-4688-8994-4d4ef16fd78a,1,0,0,0,0,0,0,1,0
b57b4ed2-1e2e-4a95-a73f-cc802a5d4d13,0,0,0,0,0,0,1,0,0
0078b763-01e3-40eb-88b7-c3aeb4165d26,0,1,1,0,1,0,0,0,1
beea90dc-44db-4281-9fda-8b5f1ccb8a0a,1,0,0,0,0,0,1,0,0
4b0eb0b4-2e56-4203-b976-470d9df15cdb,1,1,1,0,1,1,0,0,1
4af4be4d-7ded-4750-a51c-93e00310ee0d,0,1,1,0,1,1,0,0,1
80f84b74-2a43-4e92-9601-28e3675fab6d,0,0,0,0,1,1,0,0,1
3a9fdd6b-3327-435f-ba80-c131df49fcac,1,1,0,0,1,1,0,0,1
ec94dd43-c7e2-4b73-8b1c-294fced6fa84,0,0,0,0,0,0,0,0,0
dc5990cc-2a11-47bb-a206-835ff200ad06,0,0,0,0,0,0,1,0,0
fd459569-05ce-4c70-90f1-d98727a18151,0,0,0,0,0,0,1,0,0
df2709ca-4982-4a29-abbe-359f4cbf405e,0,0,0,0,1,0,0,0,1
4f7862e6-3560-41ff-a180-c74142fd5c6a,1,1,0,0,1,1,0,0,1
2c2db1d2-add7-4cd1-b26e-3ce3b547b3d4,0,0,0,0,1,0,1,0,0
42d0b8bb-eb1b-4f16-a3f0-5c7e8abf8f26,1,0,1,0,0,1,1,0,0
0ada7d87-635f-4ed7-bec1-518c2f23e92c,0,1,0,0,1,0,0,0,0
928ccbbb-aa46-42db-bdc5-887fc3bc9758,0,0,1,0,1,0,0,0,0
e88dd7e6-dcf1-44dd-b871-188c6d4bd5d0,0,0,0,0,0,0,0,0,1
46e8f283-dcbe-4b29-a2c7-50b33ef92504,0,0,1,0,1,0,0,0,0
d7a993aa-affa-4eb5-b6be-7ac9736d0fa8,0,0,0,0,0,1,0,0,0
f8f53b88-cb27-4f34-a4c8-4f8478a03d04,0,0,1,0,1,0,0,0,0
31520e13-0f89-4dd5-b5d7-cfb20bf080c8,1,0,1,0,1,1,0,0,0
e495dd9b-d76a-4e5d-b0aa-79644dd2a769,0,0,0,0,0,0,0,1,1
6bfd916b-b498-466b-877c-624a38c17068,1,0,1,0,0,0,1,0,0
41ce51e4-58bd-4702-9827-7e71f30d6c2e,0,0,0,0,1,1,0,0,0
1de6d41b-fb21-4beb-8152-52b7c8e90268,0,1,1,0,1,1,0,0,1
a10d796e-be89-4abd-8491-53fc59902411,0,1,0,0,1,1,0,0,1
febedf56-d544-43ba-b2a6-cbb1ae5639c9,0,0,0,0,1,1,0,0,0
e4ea66bb-05a4-49ab-b666-b30ee0882eb8,1,0,0,0,0,0,1,0,0
6309a125-fb73-4482-bc0e-691afea4e918,0,1,0,0,1,0,0,0,1
bf2481d5-e999-46ee-9dda-b03bd1fd8eba,0,1,0,0,0,1,0,1,1
8ae23b68-aa6a-4c13-8951-9b40b53cb553,0,0,0,0,1,1,0,0,1
542afb61-296c-447f-aaac-ea84c5848bc2,0,0,0,0,0,0,0,0,0
65ad6ac4-30d6-47a2-9a37-cfdd0a0b0ed0,1,1,0,0,1,1,0,0,1
7af77dfc-354a-489f-b751-28083d897f51,1,0,0,0,0,0,0,0,0
1ebe184c-f4e6-4fab-ab5c-ec2293821acb,0,1,0,0,1,0,0,0,0
c35b17ea-7b27-4d0a-9b2a-d38993e03835,0,0,0,0,0,0,0,0,1
1230be5b-8cf4-4952-9bc8-e2c8da69c68f,1,1,0,0,0,0,0,1,1
bc046bac-e1cd-4e8c-87c4-592ca5849f11,1,0,1,0,0,0,1,0,0
510d2036-102d-47ce-97c6-964e7ecd08f8,0,0,1,0,0,0,1,0,0
8f15347e-2b8c-4059-83b7-48aac97174eb,0,1,0,0,0,0,0,1,1
19edadd0-fbc9-4492-8317-a1df06fc7c0c,1,1,1,0,1,1,0,0,1
074b13d6-9fcb-4394-b45d-a2e9875db64e,1,0,1,0,0,0,1,0,0
ac90bebd-7fef-4802-a4c1-0b237ad1af88,0,1,0,0,1,0,0,0,1
d7f0083a-67fc-41bb-8fd9-1e3fc524056f,1,1,1,0,1,1,0,0,1
6a3660a5-c518-43d2-ac13-e486287755b2,0,0,0,0,0,0,1,0,0
4d34b2a4-d512-41c9-9904-46f38662f5ca,0,0,0,0,0,0,1,0,0
f6da49b4-7ab9-4222-ab86-854dad353312,0,0,1,0,0,0,1,0,0
e56435a4-4012-4604-a9f7-6793a6089cdb,0,0,0,0,0,0,0,1,1
d3b7e396-afe4-4d19-a540-8c8f8c204567,0,0,0,0,0,0,0,0,1
6399df67-8ec7-4700-8d10-ab24aa423fb7,0,0,0,0,0,0,0,0,1
22a0254e-b98f-409e-9344-fc0b7449ee76,0,1,1,0,1,0,0,0,0
5c9a365d-bc76-4fd9-bfa6-ec7057b7e22b,0,1,0,0,1,0,0,0,1
9b2adcbd-3898-482a-acbb-98ddfd31bbe0,0,0,1,0,1,0,0,0,0
fd457628-24b0-4e5d-bd70-2dd74bac6f6d,0,0,1,0,1,1,0,0,1
d7cbd6d4-967f-4aa0-947a-10d3b9000df6,0,0,0,0,1,0,0,0,0
81d17b2b-2248-4171-b008-b7e904af1aa9,0,0,1,0,1,0,1,0,0
d7d0f6bc-fdcc-4110-9b37-1739c9388ad7,1,1,1,0,0,0,1,0,0
101c35e3-adb2-4233-9c09-88e9e5dbda61,1,0,1,0,1,0,0,0,0
7e433e79-43b9-48e1-97d9-4ada380d03ec,0,0,0,0,1,1,0,1,1
96df232d-abbe-4deb-89e8-4fefdd672155,0,0,0,0,1,1,0,1,1
9030536c-61d4-4bc3-9adf-e49a485e3fe3,1,0,0,0,1,0,0,0,0
185fb05b-ee70-4fe2-b9d5-3dca0eecb2d6,0,0,0,0,1,0,0,0,0
8f59cf14-f942-46fb-a04d-06512c91495e,1,0,1,0,0,0,0,0,0
fbb71bb2-542a-41ad-b7ca-53be8e2f1cf5,1,1,1,0,1,1,0,0,1
a97de2b8-ad32-44fc-b22f-3a70a89aee90,0,0,0,0,0,0,1,0,0
328b7521-966e-43c5-92e1-ce221212c8fe,0,0,0,0,0,0,1,0,0
4b652d37-ff0c-433a-b692-6f9a1e90744d,0,0,0,1,0,1,0,1,1
53e7edec-1924-4c7c-903a-b63b1f7565f5,0,1,0,0,0,0,0,1,1
2ac1dcd5-3b6e-40cb-8db4-69da9cd8e15e,0,0,0,0,1,0,0,0,0
d63ee79d-b059-4297-aeef-4f7050f4ca08,0,0,0,0,0,0,1,0,0
53be02f9-fa8c-4f7e-b2da-20deb76b6ee5,0,0,1,0,1,0,1,0,0
8e92a7be-818e-4478-9a28-78dde18bf763,0,0,0,0,1,1,0,0,1
8a477cb4-df98-4ff2-ab64-5c9cc3f9cf85,1,1,0,0,1,0,0,0,1
193a6e9d-69b6-48bc-92c3-608e9befac10,1,0,0,0,1,0,0,0,1
d3fe660d-df46-43d5-89fa-f91da4928b9a,0,1,1,0,1,0,0,0,1
f3d9ad48-37f5-46b8-9532-7c204ba07fcc,0,0,0,1,0,1,0,1,1
9af3a9d6-706c-4b24-8ffd-461ed10e13b5,1,0,0,0,0,0,1,0,0
cd107f46-6130-42b1-b6d7-508ceb0bd5b0,0,0,0,0,0,0,1,0,0
fe688e01-99f3-488d-96c9-43f3ed900fcf,0,0,1,0,1,1,0,0,1
72979d9b-e2eb-4310-a0dd-22cfd8d47e99,0,1,0,0,0,1,0,0,1
ae08b8db-91d0-45e7-9e02-a0dffc680ea2,0,0,0,1,0,0,0,0,1
2d279638-f316-49b1-8387-793df2b15b16,0,1,0,0,1,0,0,0,1
bc875f55-3c08-4098-8a58-e9f21a09b4aa,0,0,0,0,1,1,0,0,1
03b73468-7821-499f-86fa-fd76da089d39,0,1,0,0,1,0,0,0,1
9dc658a2-df42-481a-9a42-fef2eb02ad3a,0,1,0,0,1,1,0,1,1
e3093518-71a1-49ed-85ff-735f591feccc,0,0,0,0,0,1,0,0,0
376c5cdd-1774-4dff-90c1-aa21edb122c8,0,1,1,0,0,0,1,0,0
cec45c5c-9124-4f53-8bf8-dfc56883008f,0,0,0,1,0,0,1,0,0
59b53c70-46fc-4454-a2ce-ac53a12bf4ed,0,0,1,0,0,0,1,0,0
c2915a4e-febb-4056-8575-2e6769370b11,1,0,0,0,1,1,0,0,0
c1b9bc12-0250-4012-a6cf-47a11f8b057b,1,0,0,0,1,0,0,0,0
ef8a7a62-ad2d-4642-a39b-008a2a27c9eb,0,0,0,0,1,1,0,0,0
0113842f-524c-4e8c-8245-55e0a55400ff,0,0,0,1,0,0,0,0,0
034c6823-25f0-416b-9f6e-a8cda52a285b,0,0,0,0,0,0,0,1,1
df3389ff-f7fc-4102-8108-5cb3d8a6d2a8,0,0,1,0,1,0,0,0,0
7399b7ed-038d-4e20-9660-65cbffaa01dc,1,1,0,0,0,0,1,0,0
80a6d69c-6086-4f5a-9e21-52fd66312802,1,1,0,0,1,1,0,0,1
aa384f23-1449-4eb9-a782-e3ee65a6dd5c,0,0,1,0,0,0,0,0,0
9f459e4c-598c-46c7-9e5d-92ce56c4f9d7,1,0,0,0,0,0,0,0,0
4ed97b12-aa71-4662-b785-5f481aa5c3f4,1,0,0,0,0,0,1,0,0
2dda28b2-8a45-4bf4-960c-212fb08da623,0,0,0,0,0,1,0,1,1
3665af48-6a93-42a4-83af-89b3a323566c,0,1,0,0,1,0,0,0,1
6d5357de-3486-449d-86b3-56d23ed5dac3,1,0,0,0,0,1,0,0,1
12aebca1-9c2c-4735-9500-fb91b4ed2988,1,0,0,0,1,0,0,0,0
020c5675-89d1-4e40-aedf-e6acab6cfb54,0,0,0,0,0,0,0,0,1
84552721-7a28-432e-a7ab-9b556b4e0a92,1,0,0,0,0,0,0,0,0
3b8d60f2-fb8d-4d90-b3a6-6ed49ae2d568,0,0,0,0,0,0,1,0,0
d18411ee-28ac-4811-ab10-08085d0dc663,0,1,0,0,0,1,0,0,1
4551e13f-7275-427d-8dee-639c1ed5cf71,0,0,0,0,0,1,1,0,0
28440c7d-8ea4-4651-bf57-da11b026bfa4,0,0,0,0,0,0,1,0,0
8d1d4e8e-1edb-41a4-9dac-c55ae29e60f3,0,0,1,1,0,0,0,0,0
9fc8133c-97bf-407c-83df-953c596e7a22,1,0,1,0,0,0,1,0,0
76fef4ce-49d3-487c-903a-baf08c5dd090,0,0,0,0,1,0,1,0,0
35807fa4-2ce7-4f03-9845-50ac18671cf7,0,1,0,0,1,1,0,0,1
9ab37bf5-4ce6-4673-8ea6-e6fff0113539,1,0,1,0,0,0,1,0,0
194a179b-11f7-44b0-953c-d9ae740b5bff,0,0,0,0,1,1,0,0,1
56f3e8e7-2d0e-4568-8ad0-ec2005df157f,1,0,0,0,0,0,1,0,0
93579de0-a08e-4155-b422-d1fa6d75f0ae,0,0,1,0,1,1,0,0,1
6275cfd5-0a2f-49c6-90b7-017136b0d67e,0,0,1,0,1,0,0,0,1
3978e2c1-c137-4dc1-84b9-6e0b81f3ddae,1,1,0,0,0,0,0,0,0
5de0ef5f-6010-4801-8e68-ee05e677436f,0,1,0,0,1,1,0,0,1
0bdf4c4f-fc4a-4395-9970-6eb9830061de,0,0,0,0,0,0,1,0,0
3bc35eaa-442e-4b28-a33b-1a27ad64fea6,0,0,0,0,1,1,0,0,1
bcdcc5be-c378-48c1-a150-b07161859e20,0,1,0,0,1,1,0,1,1
19565639-f396-4417-aec9-5f43198f8805,0,0,0,0,0,0,0,0,1
7e45fcc2-7cd9-40a6-8ea4-2d8dd4935f7a,0,0,0,0,0,0,1,0,0
f5ad6150-bf1f-48b4-9fa1-e8ae0ea9beb2,0,1,1,0,0,1,0,0,1
b7735ab5-f056-4194-8020-b1f997d8f415,0,0,0,0,0,0,1,0,0
197ae89d-603f-4f27-a67d-9fa5a3e73ff0,0,0,0,0,0,0,0,0,0
812006fe-2a0e-44fe-bf97-43b630ae0077,1,0,1,0,0,0,1,0,0
272cc827-04b9-4c63-bbc5-3cb7d8ac8ffc,0,0,0,0,1,1,0,0,1
7d2b1d70-0e98-468c-b655-cd651853b7a9,1,0,1,0,0,0,1,0,0
37e2ce1a-ff49-475e-8da1-dc66fdaa25e5,0,1,0,0,0,0,0,1,1
4c0adfb5-dabb-43cb-82db-bd7a5f430fe8,0,0,1,0,0,0,1,0,0
5a91d2cd-52da-4316-a371-e433842319e7,0,0,0,0,0,0,1,0,0
8bce39af-73c6-4cc0-a9e5-0447c412f396,0,0,0,0,1,1,0,0,1
95cfb967-1ea9-4894-b619-ae8782bcfae5,0,0,0,0,0,0,0,0,1
582a5335-9369-4bae-afe0-c576fa5a21af,0,1,0,0,0,0,0,0,0
ef6828c6-2396-4fbc-8de5-8c9f1f8437ec,0,0,0,0,1,0,0,0,1
2687f74c-4b6b-497b-b9df-407147fbdd69,0,0,1,0,0,0,1,0,0
6e319047-1791-468b-99c4-e8a6e55adcfb,0,1,0,0,0,0,0,0,0
5c7e5f88-7ab7-4584-b1d2-207fc321a722,0,1,0,0,1,0,0,0,1
29f47211-791a-486a-8798-362c88dca734,1,0,1,0,0,0,0,0,0
fb6a2c98-a10d-4e46-ad6e-c700eff37934,0,1,0,0,1,0,0,0,1
da55856c-89c3-4513-8924-f60309f1c64d,1,0,0,0,1,0,0,0,1
a9291aaf-ad25-4dba-ba78-979195da7d4c,0,0,0,0,1,0,0,0,0
7ae21810-73e6-4e8f-a39d-29cb73d9901c,0,0,0,0,0,0,0,0,0
50883d8f-91d2-4697-80d8-8550e31fc42a,0,0,0,1,0,1,1,0,0
b98a654f-0a79-46e1-9844-02b77b8e0313,1,1,0,0,1,0,0,0,1
2c7e3652-ae9c-4800-8ddb-55ec4cc4eb44,0,0,0,0,0,0,1,0,0
e5f0e5ef-4a51-46ef-b263-f6916c2749eb,0,0,1,0,1,1,0,0,1
beb31d1d-02a5-4ddb-8ce5-2d4207d799d9,0,0,0,0,1,0,0,0,1
7c48861d-bddf-4fd7-86f1-b620f61471dd,0,0,1,0,0,0,1,0,0
efd19cfb-d254-4bad-b867-e52f89033a79,1,1,0,0,0,0,0,0,0
9f7299b0-c215-4f43-8214-a3d12b6acee4,1,0,0,0,0,0,1,0,0
1373092a-ce81-4431-af51-6f1988e5244a,0,0,0,0,1,1,0,0,1
7b2218df-3e99-44bb-9775-7eda547fc26c,0,0,0,0,1,1,0,0,1
a9c5accb-723c-47f0-aabf-962667daf2d8,1,0,0,0,1,0,0,0,1
2634c327-1528-4679-ad99-62c8be3fbc08,1,0,0,0,0,0,1,0,0
61396ec5-12c9-4df8-88b5-cfa109204f20,1,0,1,0,1,0,0,0,0
6550cf96-e3d3-4399-9bf3-9634edec4615,0,0,0,0,1,1,0,0,1
428dda5a-c4f1-4942-8dcb-204507d33662,0,0,0,0,1,0,0,0,0
1ad22d6e-35ee-4ec8-ace8-37e1f2b5af63,1,0,0,0,1,1,0,0,1
f9b6f95c-dc6c-4e15-868c-5ce396f5068a,0,1,1,0,1,1,0,0,1
975bf01a-e0b6-4d9d-9696-b31927ae7b54,0,1,1,0,0,0,0,0,1
672d22c5-1caf-4e92-8389-70ac53372453,1,1,1,0,0,0,1,0,0
8ed1e739-748f-420a-8712-c0335c8740f1,0,0,1,0,1,1,0,0,1
83aad93b-efdb-43fa-82b9-d26a0f8919fd,1,0,0,0,0,0,1,0,0
a948cddd-420d-447e-a773-d8f9d6ff5d8c,0,0,0,0,1,1,0,0,1
01957bc8-eefb-491e-9927-3d925fda52a0,0,0,1,0,0,0,0,0,0
2af59f64-1217-4fd0-8ef4-b786b8ce37c6,0,0,0,0,1,1,0,0,1
73110fe9-e77c-4192-b0a3-8c42a9535915,0,1,0,0,1,0,0,0,0
f3d956da-0c14-4f8d-9d4c-d88972dfe79f,0,0,0,0,0,0,1,0,0
8f85a508-5e6c-4bb1-a14f-17574300f439,1,0,1,0,1,0,0,0,0
8a77d992-cc78-49f6-b013-34610dd717f1,1,0,1,0,0,0,1,0,0
95ccd021-6d4d-442d-8e6f-de7daf36787c,0,1,0,0,0,0,0,0,1
873ece4f-32e6-461e-9f69-ebce6e6c19d3,0,0,1,0,0,0,1,0,0
9cd4bde8-9cf0-4f1f-845c-cd4f47f6b705,0,0,0,0,0,1,0,1,1
689c3b7c-6b6d-4622-bec2-9bf80a1fd9ea,0,0,0,0,1,0,0,0,0
adb4a895-2868-4c9d-a5ba-f56561e8931b,0,0,0,0,0,0,1,0,0
3a75e6d7-4704-4083-a988-3e12c14c2fc7,1,0,0,0,1,1,0,1,1
05d07d7a-50df-4da2-8e41-d075d494fd18,0,0,0,1,0,1,0,0,1
ac22169f-7a4f-4113-a8a3-8709c1ba6689,0,0,0,0,0,0,1,0,0
225b7ff2-48a1-4c06-8e04-4b26b1219ec6,0,0,0,0,0,1,0,0,1
4bad6996-d310-487e-bf21-a6ca928a377e,1,1,1,0,1,1,0,0,0
564c2610-310d-412d-8ce3-a650635da581,0,0,0,0,0,0,1,0,0
5de6ef1c-d09d-43b6-bd79-66b34fc47a61,0,0,0,1,0,1,1,0,0
f860c6ec-f740-4c16-845a-4c6aae7464eb,0,0,0,1,0,0,1,0,0
b1afabcb-43e2-4681-b728-e1ac3d9151fb,0,1,0,0,1,0,0,0,1
bb7782f0-0ef4-453c-9cf2-285ecda7da0a,1,0,0,0,0,1,0,0,1
b116dc02-59e6-47a1-bb23-d587ff6b3685,0,0,0,0,0,0,1,0,0
e9121f3d-2c8e-408a-bf70-21307e1d5d35,1,0,1,0,0,0,1,0,0
5c5f1960-04d0-4d1b-8c1a-dbdc8766955a,0,0,0,0,0,0,0,0,0
cab0d9eb-6baf-42ce-a58d-83721e87cbe6,0,0,0,0,1,1,0,0,1
65146db5-e3fc-4d65-aec4-eba5b437ed98,1,0,0,0,0,0,0,0,0
e51b55ce-e7bc-4436-a546-35b2e6c0adb7,0,1,0,0,0,0,0,0,0
76e839d5-13b9-454c-93fe-b021a9bfd223,1,0,0,0,0,0,1,0,0
b0b5403c-2e45-4bab-8246-9745924e127a,1,0,0,0,1,1,0,0,1
fd772f0c-3aaa-4abc-971d-567a31e39769,1,0,1,0,1,1,0,0,1
80049efd-1d9b-4cc3-9a08-aa1e92fdcd27,1,0,0,0,0,0,1,0,0
2f71e95d-1e26-4a83-b7a3-1233a2c2851e,0,0,0,0,1,1,0,0,0
9e420290-bd68-43af-9518-682a080583f2,0,0,0,0,0,0,0,0,0
cf28782a-fec3-4814-a50c-03803d4341b0,0,0,0,1,0,0,0,0,1
7242ceb4-a1af-4aac-ae10-07c909de3129,1,1,0,0,0,0,0,0,1
00ab8bda-5ed7-4e7e-be78-ef2fc9309a32,0,0,1,1,0,0,0,0,1
bdffec82-e3db-4276-99ad-785bfb1efa9b,1,1,0,0,1,0,0,0,1
39c01c85-f3ec-4baf-aad7-3d0d76e4cbbe,0,0,0,1,1,1,0,0,1
03834e87-db2d-4ab9-b7b5-5576e906415e,1,0,0,0,0,0,0,0,0
398f2327-eea3-490c-babc-629f95a9cacb,0,0,0,0,0,0,1,0,0
e150bd84-3b10-4163-ac6e-f5640b6c0517,1,0,0,0,0,0,0,0,0
3ffcaed1-95fb-4df1-a2e6-58e8ccb493bb,1,1,1,0,1,1,0,0,1
9305b0fe-e174-4f28-bec6-cd5cf48081e1,0,0,0,0,1,0,0,0,1
d24ac2ac-0ecb-4f1b-954e-588e25328e1b,0,0,0,0,0,0,1,0,0
1eb57efc-f80b-4b80-b025-7be67116fc44,0,0,0,0,1,1,0,0,1
b03507fc-e876-4e58-857f-872931ebb16f,0,1,0,0,1,0,0,0,1
3b9a1d51-40e1-4b5a-9a68-7bd10832a5b8,0,1,0,0,1,1,0,0,1
3bfe6106-850a-4f2f-91d9-68258ff32e9d,0,0,1,0,0,0,0,0,0
6a6d3d3c-1633-4c24-845f-cb59fe4f0fc1,0,0,0,0,0,0,1,0,0
07545426-3efe-45b6-bb94-7c9d0a28887e,0,0,0,0,0,0,0,1,0
96a763ed-d507-4fb2-86a0-888ebef69d0d,0,1,1,0,1,1,0,0,1
887ab088-1b5f-44cc-af68-f7818493517d,1,0,0,0,0,0,0,0,0
8070bb4d-9d46-415f-92e0-def21df5296e,1,1,0,0,0,1,0,0,0
d4b20268-2ac5-4754-b13e-f3b140144599,0,0,0,0,1,0,0,0,0
a5495324-104e-4183-9c0b-f936b7f6164c,0,0,0,0,0,0,0,1,1
d29d7c35-a079-4811-9441-82b75809fdef,0,0,0,0,1,0,0,0,0
90d3df86-c7d5-4d6c-ba56-2c947350aa2b,0,0,0,0,0,0,1,0,0
2c448420-d19a-4408-ad41-ac776a7d9709,0,0,0,0,1,1,0,0,0
9e4deea1-1ae6-42ff-a000-fc4e0a356268,0,0,0,0,1,1,0,0,1
377952dc-dddd-4e34-bb8c-d2fcf1bfd5d4,0,1,0,0,1,0,0,0,1
7d954a6d-0eb1-4ff3-9177-95295e461b14,0,1,0,0,1,0,0,0,1
0c791706-bce2-4dd5-9ac1-9c551a415a9e,0,0,0,0,1,0,0,0,1
216fd0ad-ce67-41ef-9404-2da0d0b2d37b,0,1,0,0,1,0,0,0,1
a67246bf-501e-45d6-aaae-44f7d6a58abd,0,0,0,1,0,1,0,0,1
2e3f5751-06e3-4fc0-b7d6-0308a49a700b,0,1,1,0,1,0,0,0,1
f4f43bd0-9489-446f-9b12-89b55a206ece,0,0,0,0,0,0,1,0,0
f11110de-2d46-478a-9351-f32b5a35bd1b,1,0,0,0,0,0,1,0,0
04f6ab60-0b3c-4f0d-84e5-dd755235d263,0,0,1,0,0,0,1,0,0
79848695-1b64-44a3-9de6-44439bc1fe4d,0,0,0,0,1,1,0,0,1
ead2666b-1865-439b-83ca-1c7d742f0eb9,1,0,1,0,1,1,0,0,0
eab74405-807e-4e91-845a-648350b5c9f3,0,0,0,0,1,0,0,0,1
7d12802f-ce10-44cb-9550-20ada1832ad3,0,1,1,0,1,1,0,0,1
d199affb-18ce-483d-973b-aba666e71acd,0,0,1,0,0,0,1,0,0
7619a910-166d-45b6-be96-c03f8ac69a3a,0,0,0,0,0,0,0,0,0
8aae0a44-dfbb-4052-8661-2f81c3c72bab,0,0,0,0,1,0,0,0,1
577fac81-01ea-4c36-bfd0-6d7034b99814,0,1,0,0,1,0,0,0,0
eab53d5f-bd07-4415-85c7-789b48f66281,1,0,1,0,1,1,0,0,1
6ccd0de1-f2ac-41f0-a0aa-c9f095a18a86,1,1,0,0,0,0,0,0,0
ae28620e-bb0f-421b-abac-6a08c8dcee3b,0,1,0,0,0,0,0,1,1
612f0da4-04f7-4f72-8195-0e1250d32a26,0,0,0,0,1,0,0,0,0
97121bf3-584f-4667-8f5e-be1febcb40b3,1,1,0,0,1,1,0,1,1
c7f7811a-3f61-4a69-bf01-93f4de6ff08c,1,0,0,0,1,0,0,0,0
81f07df6-dab9-487f-8498-2f3ea3720f0d,0,0,0,1,0,0,1,0,0
fb14722e-b673-4043-930f-d19c8d3fc87d,0,0,0,0,0,0,0,0,1
fb6e4988-c9fd-4081-bab3-b7179269e827,1,0,1,0,0,0,1,0,0
3ceac10b-0b6d-4875-97d2-adcaeda9cd69,0,0,1,0,0,0,1,0,0
e4bc5a84-7390-4d3c-909f-0d76d21e708e,0,1,0,0,1,0,0,0,1
ad4ed523-95e3-4188-8b21-2dd43909a2f8,0,0,0,1,0,1,0,0,1
865fa2ae-fdf5-4f69-8cbd-6ad751317c07,0,0,0,0,1,1,1,0,1
eb07c297-409d-40e6-a128-0ef3a954638a,1,1,0,0,1,1,0,0,1
e7ca7c90-7093-4e2b-a2c0-cd15b252f0b2,1,0,1,0,1,1,0,0,0
76b37d30-2849-498c-9f4b-f2bfe6863318,0,0,0,0,1,0,0,0,1
026348e6-5b49-47ad-b903-047bde98c377,0,0,0,0,1,0,0,0,0
578837bd-5eef-433b-aff1-5f8dd5358998,0,0,1,0,1,1,0,0,0
1b21f3c3-b1d9-4e08-916b-93a90b460226,1,1,0,0,0,1,0,0,1
9e878ac6-3bef-42a1-bfe2-609c244913a7,0,0,0,1,0,0,1,0,0
bc30e6a5-5d46-4b02-9e5e-8095fa10754e,0,1,0,0,0,0,0,1,0
951b30d5-0acb-4979-b56c-60ef3e2af5ea,0,0,0,0,0,0,1,0,0
8861fa2c-5ace-4ef4-81cf-475f50d0a452,1,0,0,0,1,1,0,0,1
e7c8e5b2-c70b-45b1-b870-f2741f60917b,1,0,0,0,0,1,0,0,1
7b30461d-00cc-4fc1-9722-a376c9629c39,0,0,0,1,1,1,0,1,1
5d98d1e0-3e89-42d3-bdfd-3ce4d20b9993,0,0,1,0,1,0,0,0,0
e13af41a-c867-4157-bdf6-eac7d6246993,1,0,0,0,1,1,0,0,0
d3f9277d-bfd5-4c4f-858d-1199f2148e58,1,0,0,0,1,1,0,0,1
990429be-d5fc-49be-85c7-0fb152689f0c,0,0,1,0,1,0,1,0,0
9aa9e8a7-a38f-4bbe-bcae-b8bf5fd047ce,0,0,0,0,0,0,1,0,0
d1729f38-2b20-42b4-95c4-c965e583fbf1,0,0,0,0,0,0,1,0,0
d0c26b92-9000-431a-832d-116f5f37d387,0,0,1,0,0,1,1,0,0
b59d6f79-a879-4e2b-b556-ddbc5fc287bd,0,0,1,0,1,0,1,0,0
a8528843-85cb-4a30-b3ef-20dcf4f8c9b5,0,0,0,0,0,1,1,1,0
73719fe6-d4a6-4374-9706-0427c0dd7d30,1,0,0,0,1,1,0,0,1
47639eb9-6232-450f-bb4a-64bda6403681,0,0,0,0,0,0,1,0,1
458ed7dd-cb65-4fa7-9b86-676c016cacbf,0,0,0,0,0,0,1,0,0
70f09fb4-19b6-43bf-a519-b89835493cad,1,0,1,0,1,0,1,0,0
7589ad48-6e3c-4190-b89f-d811b52c4685,0,0,0,0,1,1,0,0,1
8c655cb0-54ce-4017-bdb0-d824a74230fd,0,0,0,0,1,1,0,0,1
44b87ec7-5584-42ff-94ad-fffcdbe6345a,0,0,0,1,0,0,0,1,1
a34bf46a-aba0-458c-887a-b8ae8119d34b,0,1,0,0,1,0,0,0,1
a27afb78-f1eb-43a9-bcc8-15d8cb6d8844,0,0,1,0,0,0,1,0,0
a7313aa8-a18c-439f-b564-056fca9c52ff,1,1,0,0,0,1,0,0,1
21e2a78b-cb03-48dc-a60c-e0afdd9b8c6f,0,1,0,0,1,0,0,0,0
f6f0e27a-fdf9-4dc3-81e4-c4f6fc42b016,1,0,1,0,0,0,1,0,0
b7bf2069-ac17-405d-bf0e-07f5df531bb9,0,0,0,0,1,1,0,0,1
3b51c0bf-0a89-4eb8-8a12-3ee85d1772f3,0,1,1,0,0,0,1,0,1
5d723b91-17ba-4e10-b38a-8830ceae729d,0,0,0,0,1,1,0,0,1
51230715-3c41-4348-95d8-fb9429d0ade7,0,1,0,0,0,1,1,0,0
a730f51c-ab04-49bd-a7e9-ee5db16f641a,1,0,0,0,1,1,0,0,0
b6b12c81-591b-4f1d-9ab1-1bd759489829,0,0,0,0,0,0,1,0,0
805930f6-de25-44fe-9b3d-a0a04d3a949d,0,0,1,0,0,0,1,0,0
601bdbf8-2708-40b8-bdcc-9b43db8059b9,0,0,0,0,1,0,0,0,0
90843078-6784-499e-baf7-3e77ad41eac7,0,1,0,0,1,1,0,0,1
a3821be8-d2eb-4fc6-b244-0075eb22b22c,0,0,1,0,0,0,1,0,0
ac1a9249-31d1-4496-9087-acc04c484f49,1,0,1,0,0,0,1,0,0
b08282aa-f883-442f-8fc4-bad57c24ebb6,0,0,1,0,0,0,1,0,0
4810c8f1-219f-4491-8e98-309237c3bd36,0,0,0,0,0,0,1,0,0
f85de2fa-8abd-45a7-8731-a0d146b2f276,0,1,1,0,0,0,0,0,0
5e856388-4cd6-42e0-90c4-03f688d2ce0d,1,1,0,0,1,1,0,0,1
53dbe939-1e1e-4a96-a91a-ece31d3f955b,0,0,0,1,0,0,1,0,0
ee87af76-22d4-469b-a2d0-9ed4a6d60dbe,0,0,0,0,0,0,1,0,0
18268d8e-f287-45d0-bf4e-721f149ae0dd,0,1,1,0,1,0,0,0,1
008257c4-7329-4e0d-a88f-9fb811eeb995,1,1,0,0,0,1,0,0,1
49aa37c6-019d-4408-895e-23aa0b9f19d0,0,1,0,0,0,1,0,0,1
5874f7e2-d660-4241-bf55-cb1fcd70206e,1,0,0,0,0,0,1,0,0
bb419614-a0f6-4454-9301-de075e59810c,0,1,0,0,0,0,0,1,1
57e93080-d330-4e18-b48d-2de07cd50b29,0,0,0,0,0,0,1,0,0
af058260-aaf0-4f40-8689-243dae54e746,0,0,0,0,0,0,1,0,0
4c5dfb3f-72a0-4f02-8901-11fe466cd6de,0,1,0,0,0,0,1,0,0
4a07af38-ca4d-46cd-b0e7-d7052c321a21,0,0,0,0,0,1,0,0,1
b05e11ab-498b-4a6b-939c-e925d96f0cbf,0,0,0,0,1,0,0,0,1
2b6d292f-c20e-4242-95dd-377bacf65014,1,0,0,0,1,0,0,0,0
a8af5fb1-4f96-4346-91a4-463776e7eefe,0,1,0,0,0,0,0,1,1
4a94b152-7f87-4ca6-882c-157db7429598,1,1,0,0,0,1,0,1,1
1f1d3550-4e73-4653-983c-f8f021709084,0,0,0,1,1,0,0,0,0
4ef183f9-c5d9-440f-ae90-23d8d095a491,0,0,0,0,1,0,0,0,0
4e72ff78-9d46-4783-8609-a51da9a02f98,0,0,0,0,1,1,0,0,1
f607ba03-f026-4ccc-b3f8-e8ac6ddd81cb,1,1,1,0,1,0,0,0,0
d775caa2-9ac8-40bc-8941-62c435b7a5ba,0,0,0,0,0,0,1,0,0
827bdea6-33cf-459d-a9e4-aa978a93aa94,0,0,0,0,0,0,1,0,0
205c2e0e-4985-4410-bebd-7e834eeacc41,0,0,0,0,1,0,0,0,1
fb717999-2b21-41e3-901a-9669696fbf24,0,0,0,0,0,0,0,0,1
bda1acac-3811-4bc2-8c75-32acd70d5d58,0,0,0,0,0,0,1,0,0
fe409414-4e07-4364-ad2b-7c31c58404bf,0,0,0,0,0,0,1,0,0
3ae86a48-5bd0-4639-9b78-c202ccd45f6f,0,0,0,0,0,0,0,0,0
e5b14e8b-079d-4173-9215-8eb4e8eaa425,0,0,0,0,1,1,0,0,1
01d4c3a9-483c-41ad-b85e-ad7f326f51f2,0,0,1,0,0,0,1,0,0
83e36b5f-b3fb-46bd-82a4-78545f983fdd,0,0,0,0,0,0,0,0,1
340d4637-200f-4abf-a79d-0a3a352d34aa,1,0,0,0,0,0,1,0,0
d97b8fe1-4c43-4d86-a504-254dcd3775d0,0,0,0,0,1,0,0,0,0
3ab1d303-4f66-45d9-a5ee-73dd8843b2ef,0,0,0,0,0,0,1,0,0
5241481c-418c-4e91-85c9-2f9bec3bf1bf,1,1,0,0,1,1,0,0,1
caff2b80-2773-4b86-983b-628beaecda6b,0,0,0,0,1,1,0,0,1
3bcab80e-5955-4aed-bfe4-a49f3685aea6,0,0,0,0,1,1,0,0,0
04cac6ce-9c6e-43dd-ba45-4174d1905a08,0,0,0,0,0,0,0,0,1
18fbaa92-c105-461d-bb33-77fb3334e813,0,1,1,0,1,0,0,0,0
bd2bad5c-c5b4-4ee4-878b-edac47a56902,0,0,1,0,1,0,0,0,0
63ebb91a-1e48-45bb-80f0-93a10e463391,0,0,1,0,0,0,1,0,0
177a623d-bc7c-4947-81f5-d85efa184907,0,0,0,0,1,1,0,0,1
5cd11dbb-7c93-4ddf-8b8f-d7b311220338,0,1,0,0,0,0,0,1,1
df967a47-8889-4b1e-8a2c-29e7b06ec9b7,1,0,0,0,0,0,0,0,0
bf455e9b-dba3-488b-901c-24d49c72546b,0,0,1,0,0,0,0,0,1
b8dda24c-a5f1-432a-bbaa-4f7795922b62,0,1,1,0,1,1,0,0,1
06b693f7-e66d-476a-b89c-dd34fe2f46d1,0,1,0,0,0,0,0,0,1
26127f3d-322e-4e99-a7fb-e5ea4dc5be81,0,1,0,0,1,0,0,0,1
02f3e2a2-d0c4-42e6-b180-01fd0157b2dc,0,0,0,0,1,0,0,0,0
12b0efb7-6b27-4e21-8160-6ddbec9d3a57,0,0,0,0,0,0,1,0,0
47e79de0-6c47-42c1-963c-e920bb813543,0,0,0,0,1,0,0,0,0
33733105-b1c9-4ce6-a139-826b54569466,1,0,1,0,0,0,1,0,0
92fe445e-d3d0-44bc-a1c8-52c22bce624c,0,0,0,0,1,0,0,0,0
30ab3630-a8b1-4399-98cd-0d03e2cbda0b,0,1,0,0,0,1,0,1,1
7e8b8378-7676-4064-8be0-fbb1d07e8596,0,0,0,0,0,0,1,0,0
47e0456e-63d2-44f4-865e-c717579e7496,0,1,0,0,1,0,0,0,0
054c3965-a259-4778-b0b0-ba2dca5f2691,0,1,0,0,1,0,0,0,1
8382e6de-402f-4946-8930-84461fda0646,0,0,0,0,1,0,0,0,1
c8c5888e-b23e-4fb4-9099-8ec61b8ddce0,1,1,1,0,1,1,0,0,1
b351ca35-0d81-4ea7-92c1-2ede9fa892e5,0,0,0,0,1,1,0,0,0
2580b183-e706-487b-bd6f-413f8c412da2,0,1,0,0,1,1,0,0,1
a90940e0-58a2-442b-9d95-b2d12564d16f,0,0,0,0,0,0,0,0,1
4c7505b7-02fd-41ae-b619-ac9e19c92f6b,0,0,0,0,0,0,1,0,0
03f89d47-24ce-40dd-a149-4448a8bbda8b,1,0,0,0,0,1,0,0,1
4a9d33d1-a068-40f1-9128-79e1400d2e68,1,0,0,0,1,1,0,0,1
4d1c146d-d9f4-429e-a59a-d7dbba720797,0,0,0,0,1,1,0,0,1
591ccfd4-ed2b-4c33-9fc1-1170173f5a19,0,0,1,0,1,0,0,0,0
fb93d702-ac9a-43e0-8e06-282a93b6e0b2,1,1,0,0,0,0,0,1,0
38cd419d-9ee3-494b-baf4-ef2b47a9726b,0,0,0,0,1,1,0,0,1
e701ce7b-e3c6-402b-a46a-d4453673bedc,0,0,0,0,0,1,1,0,0
68f9d1e5-6c55-4c5b-910b-a7158546ba82,1,1,1,0,1,1,0,0,0
a1238186-931d-4924-b061-75a71dc5f4a4,1,0,0,0,0,0,1,0,0
1e750e4b-7900-427e-bc14-16e45e42013b,0,0,0,0,1,1,0,0,1
9f3884ea-4ed2-47e6-9567-ce3aaef72b98,0,0,0,0,0,0,1,0,0
0c31ecc9-f5da-4d06-9b43-ecc40e418a54,1,0,1,0,0,0,1,0,0
319d70fb-0f64-4a37-8bd1-36e42375c59a,0,1,1,0,1,1,0,0,1
6899d8d8-c2d6-4ec2-9425-74baff82ecd4,1,0,1,0,0,0,1,0,0
7d8e4e8d-a62b-4179-8009-c5fc49663b80,0,0,0,0,0,0,0,0,1
48ce9c06-f1ed-4ecc-9f10-b23119b3d51e,0,0,0,0,0,1,0,0,1
6df508ee-9469-470b-b3f4-a6b411688577,0,0,0,0,1,1,0,0,1
1868cd08-68fc-45f4-a221-be8ff15f9891,0,0,1,0,1,1,0,0,0
8f3b93f9-aa39-404f-9e6a-d493e7d650ef,1,1,1,0,0,0,0,0,0
c70696f3-1bce-44f9-aea5-428bbf48c3f0,1,0,1,0,1,1,0,0,1
2aff630a-9ed2-4229-8de0-a6bc82de5174,0,0,0,0,0,0,0,0,0
3e1ff16d-6bf5-455e-8310-88e735dad74e,1,1,0,0,0,0,0,0,1
dca193f4-93f3-4957-a2f0-ffea152d82a3,1,0,0,0,1,1,0,0,0
36b6bfb0-b89a-43e9-afec-3fff5065915f,0,0,1,0,0,0,1,0,0
4e08d707-3e68-4013-9edf-1aaf274fe2ab,0,0,1,0,1,0,0,0,0
85737f62-0112-4199-8129-e7dcd8d6637b,1,1,0,0,1,1,0,0,1
fb517da0-31b7-4927-914a-c63b81ca39f3,0,1,0,0,1,0,0,0,1
08747a61-3ee3-4ed3-a96d-4c955a2c0c98,1,0,1,0,0,0,1,0,0
3865910e-c4ef-48f9-8809-75b699ebcde9,0,0,0,1,0,0,1,0,1
4658551d-ada1-4be3-9ae1-3fb13c6a7682,1,0,1,0,1,1,0,0,1
1e9e8ac7-55a7-4164-9a2d-369a78779c9e,1,0,0,0,1,0,0,0,1
58bd657f-ba5b-4324-8335-533fd554b0e7,0,0,0,0,1,0,0,0,0
d86e40d8-8abd-4b14-96d3-6a1903f98f48,1,1,0,0,1,0,0,0,1
1b0fda8c-3af9-475c-950f-768dd9534134,0,0,1,0,1,0,0,0,0
f58cbb24-2e94-4f78-8bc5-809f17f8860a,0,0,0,0,0,0,1,0,0
f10f1494-c81d-47fb-838a-a604d89338a7,0,0,0,0,0,0,0,1,1
410cd9a1-e551-4603-bc07-f1f2ddd1a4b2,1,0,0,0,0,0,1,0,0
d630dad7-595c-4ea0-863d-6b7b14b41e91,0,0,1,0,0,0,1,0,0
09978d30-44b2-4b3c-b987-a6d683563357,0,0,0,0,1,1,0,1,1
79d5309a-ba54-4ab0-8e0a-590225bd103a,0,1,1,0,1,0,1,0,0
faa23b0d-e4fd-4e3e-b0b0-62dc633346ed,0,0,0,0,0,0,1,0,0
27d33295-fa70-4381-8445-c910814d6bea,0,0,0,0,1,1,0,0,1
feeaef33-5ab8-480a-a0ad-a6d355201ba6,0,0,0,0,1,0,0,0,0
3376e2df-df59-4ce4-8c35-82aceedcb8f0,1,1,1,0,1,1,0,0,1
2a1b0ddc-02a7-4e98-88b1-04ed31f47c57,0,0,0,0,1,0,0,0,1
f4760e98-457b-45cf-b7f5-caca92b93f25,0,0,1,0,0,0,1,0,0
1475e0e1-a63b-456f-94b7-c8a071f75ffd,1,0,0,0,1,0,0,0,0
ca6cccf1-ff14-4349-a7e0-825cb14692e9,0,0,0,1,0,0,0,1,1
1e2771ac-ac1b-4e95-b33d-755e7ffbdba5,0,1,1,0,1,0,0,0,1
c779bae5-ba90-458c-b049-576a87c18623,0,0,0,1,0,0,0,0,1
5e23528b-bf8d-434d-bd9b-17d7ef84d188,0,1,0,0,0,0,0,1,1
cd11bc49-a263-4c4f-87b5-62fc3cb33e52,0,0,1,0,0,0,1,0,0
03fedca1-d9bf-4c69-bd0b-6920411d8a44,1,1,0,0,1,1,0,0,1
19a67076-252c-4287-b54a-2eb6a5eb1df4,0,0,0,0,0,0,1,0,0
23c525de-64e2-42ba-8199-7af555b80349,0,1,0,0,0,0,0,1,1
65d134cf-4e77-41f2-b7e6-071d505124d4,0,0,0,0,0,0,0,1,0
02328aa9-a6ce-4b9b-9406-218325390d64,0,1,0,1,0,0,0,1,1
169ab01c-4356-4d2c-b5c8-79f34c3b86ab,0,0,1,0,1,0,0,0,0
91294fa2-8196-4f71-bdbe-194ac55211d6,0,1,0,0,1,0,0,1,1
28c559b9-e2d2-480c-9475-86a1bc188708,1,0,0,0,1,1,0,0,1
1d2538a9-82d2-45b5-9432-632a8019b441,0,0,1,0,0,0,1,0,0
d66b50cb-e75d-4753-ae5b-827f1f41e99e,1,0,1,0,1,1,0,0,1
56743ee6-db43-4b3d-9dd8-dca5e6cd0c37,0,1,0,0,1,1,0,0,1
70a8944d-4fa5-4dad-b959-40cdc034bd20,0,0,0,0,0,0,0,1,0
3deb2d35-c57c-416d-b271-9c542084b930,1,1,1,0,1,1,0,0,1
ac5fabfe-bb7c-4ea4-9c5b-2a5509a97c7b,0,0,0,0,0,0,1,0,0
845e69d0-aaf6-42e7-8494-806fab28bf93,0,0,0,0,1,0,0,0,1
6269055e-8726-4f1e-b2a4-17fad0704bba,0,0,0,0,0,0,1,0,0
482f5a1c-ace7-4326-b9ef-8601f67a42e6,0,0,0,0,0,1,0,0,1
c1c317af-a71e-4fc9-97e4-2d82a4da2628,0,0,1,0,0,0,1,0,0
76b666cc-4882-4242-97d4-4e0e951e6cdf,0,1,1,0,1,1,0,0,1
7be3d515-4de1-4619-a2e5-37f8f75601e5,0,1,0,0,0,0,0,0,1
75f96a8a-fe4a-4bba-8d98-93986d222aca,0,0,0,0,0,0,1,0,0
1fd5e52d-a673-4a27-90f3-5f61bbf04ac0,0,0,0,0,1,1,0,0,1
2dd3f595-465f-4d6e-ad6e-4c70787d1f9f,1,1,0,0,0,1,0,0,0
71c0c7b2-1401-4c19-8e6f-d630aaddfeac,0,0,1,0,1,0,0,0,1
9d813111-48dc-439e-9a98-b5c6c6abaf34,0,0,0,0,0,0,0,0,1
c015b2e6-67e2-4d50-a543-b43454d87584,0,0,0,0,1,0,0,0,0
a8309419-4d39-45d1-a2e9-f89f1e6de293,0,0,0,0,1,0,0,0,0
2e78b48b-b164-442a-8a9a-026e3deaca79,0,0,0,1,0,0,0,0,1
eeede2fa-8f70-402c-b9bb-cd6cfca305ff,0,0,1,0,1,0,0,0,0
eedc2058-d949-41ea-9856-e5d86f14d20a,0,0,0,1,1,0,0,0,0
87b30fa0-6b9f-4345-99a1-d1b48033180a,0,0,0,0,1,0,0,0,0
c0c56e9c-38f4-46c8-87ec-a9593f478ecc,0,0,0,0,0,0,0,0,0
0f4a6041-335a-40e4-a2d4-5d3ef161f6e7,0,0,0,0,0,0,0,0,0
ac4b9137-6dee-431d-9a50-f4607fb72a7f,1,1,0,0,0,0,0,0,1
4a35b98f-f4ea-4d75-b34c-f801ff52bd3c,0,0,0,0,0,0,0,0,0
c13a780e-0dc7-4739-8194-2e71e7ea366e,1,0,1,0,0,0,0,0,0
87510201-d5b3-4334-abcd-751fd175293d,1,0,0,1,0,0,1,0,0
4f3c6850-d09c-44e7-92c1-abcc11b6e4df,0,0,1,0,0,0,1,0,0
9914a307-3318-45b4-9a8c-c41c80d3d2d7,0,0,0,0,1,1,0,0,1
d9f373a1-8041-4a9f-9227-4d9f986e6070,0,0,0,0,1,1,0,0,1
63b2322e-cb5d-4462-96da-e01ff8e7fd3e,0,0,0,0,1,0,0,0,1
3f20b834-2664-4af8-a633-2e8b9fcd2a70,0,0,0,0,0,0,1,0,0
f7440ac7-262c-4899-bdfe-08cc8f768c1d,0,0,0,0,1,0,0,0,1
18d10402-64a3-4a2c-9a88-c0e7c8baada7,0,0,1,1,0,0,0,0,0
99e1362e-a2cd-4df3-8fad-874ba0b4f9d0,0,0,0,1,0,0,0,0,1
12faff8b-6153-4a04-b4aa-6ba7207ad13d,1,0,0,0,0,0,1,0,0
1e4eecfd-0f9c-4998-9b48-202dc996d49b,0,0,1,0,1,0,0,0,0
e57eed41-92df-4f53-832f-eb3f66295baf,0,0,1,0,0,0,1,0,0
fa1e8fad-511b-4ff0-8b72-4a5704b62a44,0,1,0,0,1,0,0,0,1
2de316fc-f54f-4f71-bd86-45378a38f4d9,0,0,0,0,0,0,0,1,1
90156074-0725-4672-aa11-42eb31de9441,0,0,0,0,1,1,0,0,1
df35fcf6-334e-4ce2-b36e-7079068c5641,1,1,1,0,0,0,1,0,0
cde39c4a-0e5d-4528-beb9-0f94c4c7001d,1,1,1,0,1,1,0,0,1
859296db-b18d-4b29-937f-928479000365,0,0,1,0,0,0,1,0,0
560f4058-f864-4d21-ac56-bea151d52636,1,0,0,0,0,0,1,0,0
df212c4e-4a1e-4029-b4ab-98a1fbace4d1,0,0,0,0,0,0,0,0,0
9385b666-ee61-427b-a3f2-1c9b12eba8c3,1,0,0,0,1,1,0,0,1
f94bddf4-0f33-478c-9215-27334ebacde7,1,1,0,0,0,1,0,0,1
fb71d680-baae-48ae-9b40-837f3ab0c8c0,0,1,0,0,0,0,1,0,0
c3ace474-2636-4a30-8a40-fb7a9e07cc24,1,0,0,0,1,0,0,0,1
6a6c2185-3f83-469a-9aeb-e8618eaaebf8,0,0,0,0,1,0,0,0,0
e6b1e461-00d0-4fac-9ccb-aa5533379178,1,0,0,0,0,0,1,0,0
61cf94ae-b980-4d68-b221-18279685d3cc,0,0,0,1,0,0,1,0,0
68133bc9-00cc-4973-8d46-a66b847e1b29,0,0,0,0,1,1,1,0,0
86dccdaf-ee1f-454f-be60-6c8953d5b34d,0,0,1,0,0,0,1,0,0
4a377af3-55a4-4039-94de-a9c44bc50a0a,0,0,1,0,1,0,0,0,1
c36fddbc-6768-4e31-9df3-47874aa86125,0,1,0,0,1,1,0,0,1
b181f602-4db3-42bb-b44a-38a685f21fa2,1,0,0,0,1,0,0,0,0
26564236-8eeb-4ae3-bee8-94129e090a81,1,0,1,0,0,0,1,0,0
06ac0944-4c77-4c91-b394-93f96ad1476c,0,0,0,0,1,0,0,0,0
e117c7c6-7562-4b16-af22-a47ad61c736c,0,1,1,0,1,0,0,0,0
221e827f-37d2-4303-905a-9db059359d70,0,0,0,0,0,0,1,0,0
f56acbea-461d-4622-9732-0a25e3d25405,0,1,0,0,1,1,0,1,1
9c8bb528-9144-4f3e-88e4-4d8bf9501038,0,0,0,0,1,1,0,0,1
b4f97cdd-32c6-439b-a5cb-2fc9ecd05af7,0,1,0,0,0,0,0,1,1
5bac1aed-28f0-4f00-9daf-9976aab918ec,1,0,0,0,1,0,0,0,0
b7c25a97-3767-447b-8251-d808fe23e016,0,0,0,0,1,1,0,0,1
98222355-0511-4cea-b30b-024c0f696854,0,0,0,0,0,0,0,0,1
b82622d5-370c-4a79-87d7-31bc706ccb6c,0,0,0,0,1,0,0,0,0
f4c5f97d-2000-4ec7-a54b-e106d8f8e47a,0,0,1,0,0,0,1,0,0
fffbf3d4-1af4-4fff-be73-b90ba587cfe9,0,0,0,0,0,0,0,1,1
91d11f85-57de-4b88-94fc-66c8b3e374d8,0,0,0,0,1,0,0,0,0
45819ce7-5b8f-4c9a-83c7-6b3054e92b47,1,0,1,0,1,1,0,0,0
1e10a99c-970b-4157-bcaf-bc52b501c055,0,0,0,0,0,0,0,0,0
2c5e978f-f163-4095-bf72-bfe0df6ba151,0,1,0,0,0,0,0,0,1
da867a41-c74c-43b6-a4ab-85d8c4704427,0,1,0,0,0,0,0,1,1
28698632-7fe5-408b-b6e6-8ef38e6c53b3,1,1,0,0,1,1,0,0,1
f8a6680a-f816-4497-aac8-f7058f40cb75,1,1,0,0,1,1,0,0,1
56174ad1-a43a-488a-b0d1-04fd2bdcaeff,0,0,0,0,1,1,0,0,1
e708c23c-aa6f-44de-a8ff-497822beeaab,0,0,1,0,1,0,0,0,0
f7bb785c-27a3-483f-8811-9a80170163cc,0,0,1,0,1,0,0,0,0
ec2601c5-2a8e-47f0-af10-3a8edfce4f5c,0,0,0,0,0,0,1,0,0
731d654a-8fd6-49a7-83f3-435f597a271c,1,0,0,0,0,0,0,0,0
b9e2158a-a232-47fa-acb9-68e84d58101e,0,1,0,0,0,0,0,0,1
a7b2af6f-e6b9-48af-8170-0da553005280,0,1,0,0,0,0,0,0,0
4ecc2864-a4bc-4d3f-ba4f-8e1fa81e0c39,0,0,0,0,0,0,1,0,0
4201efe1-7cd2-44bb-bb66-67650bc30906,0,0,0,0,1,0,0,0,1
a2514d4e-5c3a-4b46-859d-b6678dd02f29,0,0,1,0,1,1,0,0,1
779b496e-4d52-4cc5-ac69-f9124aca1623,1,0,0,0,0,0,1,0,0
1e79c271-486d-4a47-8bb0-33fb654db943,0,0,0,0,0,0,1,0,0
9bf2feda-5cbb-4490-85fd-99e488c47f6b,1,1,1,0,1,1,0,0,1
ec5e60f1-29f9-4d56-a104-fbbf9be92f73,0,0,0,1,0,0,0,0,0
42fc1407-09d5-4231-8801-dd328e9a6f1c,0,1,0,0,1,0,0,0,1
864a4b43-37cd-4a0d-855e-aeb7aa4634e1,0,0,0,0,1,0,1,0,0
1b55f72a-e3d6-4aaa-a3a6-4a866ca38143,0,0,0,0,0,0,1,0,0
44fd8c84-7293-4342-aa1d-cfbcad159ac2,0,0,0,0,0,0,1,0,0
03a20fa0-6120-41f0-bcf4-43df3b615641,0,0,0,0,1,1,0,0,1
dd108a85-b9d6-402e-af39-e5b838c1e93e,1,0,0,0,0,0,1,0,0
bacba16b-2515-4008-b467-3d68eefe0d26,0,0,0,0,0,0,1,0,0
e04da324-f8bc-4d89-8c20-bb35940448f3,1,0,0,0,1,0,0,0,1
e7192223-9ecb-4777-a227-caf49f1bcc98,0,0,0,0,1,0,0,0,0
c13e2d46-f9af-4194-8786-b1d099f2783d,0,0,0,1,0,0,0,0,1
203f6403-c83b-40d3-baf3-fb35913e8c5d,0,0,1,0,0,0,1,0,0
6917ac6c-2f3c-4d75-969b-f94a1d25a9f1,0,1,0,0,1,1,0,0,1
21a9cee4-26b2-40ad-906d-df6e2a49a1f0,0,1,1,0,1,0,0,0,0
ed7de978-74b2-422c-bcf1-ecc50e3e748a,1,1,0,0,1,1,0,1,1
1e92dcf7-8c9c-4765-8dce-dd331b56dc84,1,0,1,0,0,0,1,0,0
1ba6c4e9-e4e2-4d82-8fa8-d7ae6350de8b,0,0,0,0,1,0,0,0,1
80e908f7-4bc1-47ec-83cf-256d4bea83b5,0,0,0,0,1,0,0,0,0
4685e9cd-ca19-4551-9d86-c0632184c9a6,0,1,0,0,0,0,0,0,0
834d7017-985a-4d8d-81c0-d25dc19b71ee,0,1,0,0,0,0,0,1,1
a6dbde65-d0f6-4ae6-aa63-4aa2d7a0a3fa,0,0,0,0,0,0,1,0,0
8953204a-b32d-4cbc-8c86-3fbcf27423cf,0,1,0,0,1,0,0,0,1
d45037d6-183a-412f-8221-175a42972bc7,0,1,0,0,1,0,0,0,0
8c72790e-c8d1-4768-be4c-b297627282c2,0,0,1,0,0,0,1,0,0
08a23fcd-ec38-4851-b231-6ab6f92acd32,0,1,0,0,1,1,0,0,1
ed4a67d4-9889-4808-acd1-b098257d0e7e,0,0,1,0,1,0,0,0,0
c2ff5ff6-a3d0-41c3-ac43-816113c68231,0,0,1,0,0,0,1,0,0
5bc35db8-5e45-4131-b1e0-b3ca0646377b,1,0,0,0,1,1,0,0,1
7ac8d0e3-ea68-47c8-bc54-c9c88bbdaced,0,0,1,0,0,0,1,0,0
a90a5888-d473-42cc-a6c6-019d584ad59d,1,0,0,0,0,0,1,0,0
f7fb4b12-f21d-4413-a326-07a182927213,0,0,0,0,0,0,1,0,0
64b2a043-b8cf-4506-8902-d1cbabf0f685,0,0,0,0,1,1,0,1,1
c7f673f3-7c89-4110-ae75-4e28e3432f7b,0,0,1,0,0,0,1,0,0
a78f24b5-34e5-4434-887c-74f5dedae549,0,0,1,0,0,0,0,0,0
ab17a661-0841-41c8-aadd-c2eb3943c024,0,0,0,0,1,0,0,0,1
080ca2aa-3aef-4f8a-baac-1f458496ca7c,0,0,1,0,1,1,0,0,1
8dfc0f0c-396b-47e4-b9f9-607c478554ab,1,0,1,0,0,0,1,0,0
21b26254-19b6-48ce-8a15-73bf7151bfa8,1,1,0,0,1,1,0,0,1
19d98b7b-a1a2-4b30-bb51-3b185381668d,0,1,1,0,1,1,0,0,0
8d890caf-8c54-4def-963c-bed65301ec33,0,0,1,0,1,0,0,0,0
4fdef882-b8d6-42cc-be8b-ca84ed314fbe,1,0,0,0,1,0,0,0,0
a2864498-f9d0-4e75-8564-5f6d83e191f0,0,1,0,0,1,1,0,0,1
d8c680f7-ec84-4796-841a-4a5522ba0395,0,0,0,0,0,0,0,0,0
a5b1915b-2d81-415d-8b22-82ec63ad456e,1,0,1,0,1,1,0,0,0
f0803b06-79bf-43e4-9fb6-c2388fe1280f,0,0,1,0,0,0,1,0,0
389e74f1-0417-444e-846c-2b3d38ed123b,0,0,0,0,0,0,0,0,1
bcee5b51-76e7-4465-8782-7fbec87f5916,0,0,0,1,0,0,1,0,0
a549fad1-1d23-41e5-9bb9-58e8162d6add,0,0,0,0,0,0,1,0,0
eec99439-1a78-45b2-af44-845c8bbe048f,0,0,1,0,0,0,1,0,0
4e0f09bd-b610-4822-93d5-3bcbe335a4b4,0,0,0,0,1,1,0,0,1
78814d54-af50-4807-bbae-6bcedbd97ac5,0,0,0,0,1,1,0,1,1
9cf49ae2-f911-48b2-83b2-75a062d607bc,0,0,0,0,1,1,0,0,1
85050803-d7d2-47a9-87fc-f11aa2c01fab,0,1,1,0,1,0,0,0,0
5d2678ff-765f-41b3-9ae8-26e7c02bcd6a,1,0,0,0,1,1,0,0,1
db518b44-0d96-40d1-b2a6-0c8339dbea88,0,0,0,1,1,0,0,0,1
37db2db6-0519-413d-beb4-bbd4db7c502c,0,1,1,0,0,0,1,0,0
93f0f60a-19b3-421e-bc74-30f10be6ebd8,0,1,0,0,1,0,0,0,1
40c98e92-4d45-4dbc-bdf5-2a1e11d4dbcd,0,0,0,1,0,0,0,0,1
66b4bd69-26e9-49c8-94e0-1796bb9f8f35,0,1,0,0,0,0,1,0,0
b64386de-8b23-422b-8b4f-340594e7b60a,0,1,1,0,1,1,0,0,1
3b0a155f-db96-4545-a2df-917729e5ed51,0,0,0,0,0,0,1,0,0
3f2867d4-c4e4-47ce-9715-06ae016400a2,1,1,0,0,1,1,0,0,1
ea31372f-2505-4890-ab95-9329b153724e,0,0,0,0,1,1,0,0,1
ef918379-d38c-4d4a-95b0-0b4e2523822f,0,0,1,0,0,0,0,0,0
c5be046e-aaa3-42c0-8ae3-e6161e9320d6,1,0,0,0,0,0,0,0,0
a379b633-9bec-4154-bc86-f7c046f6ed7f,1,0,0,0,1,0,0,0,0
ad3da6f3-0611-4a6c-a886-868ebd257476,0,0,0,0,1,0,0,0,1
e6ee4350-db07-4780-a496-302ca0db3a72,0,0,1,1,1,0,1,0,0
64d68058-c6c1-4c7f-a072-e9e161a48a9e,1,1,0,0,1,1,0,0,1
fb759c52-1c9d-488e-bc81-c823469c98a2,1,1,1,0,0,0,1,0,0
eb7c8dc4-d583-431e-bed6-8c6db9f42ccb,0,0,0,0,1,0,0,0,0
f988adfc-d5eb-495a-8ede-b8ebf58c1bbc,1,0,1,0,0,0,0,0,0
8c34cf40-413f-4b95-8038-a4fb0a9f5288,0,0,0,0,0,0,1,0,1
0f01eb58-2e0a-4996-93cf-7e986302f9af,1,0,1,0,0,0,1,0,0
17bd001b-ecf9-4150-8665-a0787663218f,1,0,0,0,0,0,0,0,0
ade17377-7ae6-4706-be1b-7309f4419264,1,1,1,0,1,1,0,0,1
8d1bec0d-8e78-4085-81b7-5de1b8d86f1f,0,0,0,0,1,0,0,0,0
343ef8cc-4b64-42e5-ac18-23417f8ef6bb,0,0,0,0,1,0,0,0,0
714a5026-319c-44ea-82b3-9335a54908db,0,0,0,0,0,1,0,0,1
7af91196-f3e2-4ffd-82bb-8d5da94ec9f7,0,1,1,0,0,0,0,0,0
2603ef4a-e570-4bf9-a106-4261a0942924,1,0,1,0,1,1,0,0,1
53cd5129-3fdd-4f35-9721-2a61e95e25d9,0,0,0,0,0,0,1,0,0
b386812c-87e7-4f4e-986c-7f2a031f4aab,0,0,0,0,0,0,1,0,0
ed421f74-00ea-476f-8ea5-1c67d9101f69,0,0,0,0,0,1,0,0,1
6bd32188-90df-42aa-ad06-96c0b4a25533,1,0,0,0,1,1,0,0,1
fa213c7b-9094-4e1c-a66e-3fdf9224a26c,0,0,0,1,0,0,0,0,1
20104180-bb2a-468b-929f-1788538376ba,0,1,1,0,1,0,0,0,0
0ef20fde-659f-4333-9708-668f3dd511ca,0,0,0,0,1,1,0,0,1
e9e30798-4a96-4401-b2b3-adc7f3266b40,0,0,0,0,0,0,1,0,0
435062dc-0e40-416a-985b-824bc40d255d,0,0,0,1,0,0,1,0,0
cb19022d-ad0c-49f9-9e58-d1804544d0f6,0,0,0,0,0,0,1,0,0
ea784359-c169-4784-821c-9bc886d355da,1,0,0,0,1,0,1,0,0
7f756b57-40b4-476b-a2dd-1334d9cc549c,0,0,0,0,0,0,1,0,0
36083bfe-3d47-4a5a-806a-326d10125102,0,0,0,0,1,0,0,0,0
71eb6802-b23c-4f9d-87f2-2244493bdf0e,0,0,0,0,1,0,0,0,0
f4c5265c-8143-4c62-88ad-4f12afa0202c,0,1,0,0,1,1,0,0,1
c3918928-e581-42ec-98a1-de49dd4d03f6,0,0,0,0,1,1,0,0,1
09d8ec2d-6cb3-43c6-b894-4d260683ce75,0,0,1,0,0,0,1,0,0
cf831a89-ff7c-490e-a9b8-a65c6e40918a,0,1,1,0,1,0,0,0,0
aa79c02f-6c49-44d2-a489-5c7e00a4c360,0,0,0,0,0,0,1,0,0
e6c28318-4311-42fb-a95b-e13ee9c3706e,1,1,0,0,0,0,0,0,0
788048c6-cde5-4cdc-b62a-1155b16f0390,0,0,0,0,1,1,0,0,1
63176a01-fc5a-4139-bfbf-ec40192a3335,0,0,0,1,0,0,0,0,1
c2b4fde7-9742-44de-a66b-cb7eacddfdc0,1,0,0,0,0,0,0,0,0
c8c100eb-ef2f-469a-90e4-d23e47cd2790,0,0,0,0,1,0,0,0,0
ecabc4ea-eee6-4d50-979b-71f5c23daa3d,0,0,0,1,0,0,0,0,0
f0728b00-e04e-4706-ba33-a84907744648,0,1,0,0,0,0,0,0,0
972c7fbe-db1a-435d-8d4b-bbf1e933a2d2,0,0,0,1,0,0,0,0,1
a6c6d8c9-ecd3-4c4b-befc-d90e8de5876b,0,0,0,0,0,0,0,0,0
a89713e1-6d77-4af0-a5b4-2fb29682b8e4,0,1,0,0,1,0,0,0,1
70278261-8c02-4ca1-8ad8-79c6e409f3b6,1,0,0,0,0,0,1,0,0
60a5a177-fe23-4f2e-be8e-6ceb3231e31f,0,1,0,0,1,1,0,0,1
abeef35b-e50a-4954-9106-c2add0390952,1,0,1,0,0,0,1,0,0
cd740920-1f47-4176-ab57-20b7b58dab67,1,1,0,0,1,1,0,0,1
cf9a39b9-be30-4d0e-98c7-42f3cb0170f1,0,0,0,0,1,0,0,0,0
c560b76e-27eb-41a5-b416-34419417b11e,0,0,0,1,0,0,1,0,0
cf1fdb27-b86f-49b2-86a0-463f49983449,0,0,0,0,0,0,1,0,0
583a6f3f-2193-4be7-b09d-b86d2a42cbfa,1,1,0,0,1,1,0,0,1
122cb154-3a79-4d0c-800a-8493df9f2b85,1,1,1,0,1,1,0,0,1
c1d5da96-5f1e-4eb7-be2a-9cffe418d831,0,0,1,0,1,0,0,0,1
18d25bf3-9e28-474e-94ce-dda75b6520a7,0,0,0,0,0,0,1,0,0
005b4214-1093-428f-93f3-ade7bd3fddec,0,0,0,0,0,0,1,0,0
ac569493-6cff-45a7-8718-e48d84334328,0,0,0,0,0,0,0,1,0
310f348f-530a-4e89-afa7-e64b888616de,0,1,0,0,1,0,0,0,1
bc3dfa03-9f6d-4d26-8c86-1898852eaa37,0,0,0,0,0,0,1,0,0
f43e3dba-304f-4d38-9440-9db3878b70d3,0,0,0,0,0,0,1,0,0
351868fa-290d-4099-8430-9b3246e91a42,0,1,1,0,1,0,0,0,0
c6c83170-efe1-4575-8c7d-5e31769a5223,0,0,0,1,0,0,0,0,0
8f594832-9cbf-4bfb-a333-429388aa861d,0,0,0,0,1,0,0,0,0
be968c42-d17f-4f20-b986-fdc452263a10,0,0,0,0,1,1,0,0,1
de190bc6-8081-4d22-bd57-038a47664113,0,0,0,1,0,0,1,0,0
6e42b59f-18c5-4681-9346-17ba8f28c0db,0,0,0,0,1,1,0,0,1
c7f036ac-4e45-4305-a3cc-564fb553d894,1,0,0,0,1,1,0,0,1
ce2bfbc8-c2c6-440b-b2d5-caae26a8f19a,1,1,1,0,0,1,0,0,1
348a41d3-2806-466f-be53-c50ef755e972,0,1,0,0,1,0,0,0,0
5a20e0fc-61d1-4d55-915c-777eb4d588d7,0,0,0,1,0,1,1,0,0
9ba913e8-abc0-4c8e-8407-2852eccccd2d,0,1,0,0,1,1,0,0,1
607b4161-1515-4d12-b95c-1f4e22b11693,0,0,0,0,0,0,0,0,0
25c33230-e382-4fe1-876a-9686652c247b,0,1,0,0,1,1,0,0,1
8de0b9b1-ae92-4542-a5f4-2ff4bf3fcc51,0,0,0,0,0,0,1,0,0
1bf3c2e5-a91d-4ba1-9842-20291b348401,0,0,0,0,0,0,1,0,0
0cb4ccf4-f965-4557-b1ba-0a6bd548c6ab,0,0,1,0,0,0,1,0,0
cf1f313b-f6aa-4246-b41f-bcd89b01b21c,1,1,0,0,0,0,0,0,1
4f777167-16fc-403f-948d-bca569852aad,1,1,0,0,1,1,0,0,1
449d90c5-edec-48a6-bca9-e976a7f428fd,0,0,0,0,1,1,0,0,1
ce4e3fac-b47a-4f86-9c4b-c9290d179340,0,1,0,0,1,1,0,0,1
00c01c33-c733-4686-8099-df03d020c4b7,0,0,0,0,0,0,0,0,0
af6ab35d-8b87-4c0e-b367-090564a29469,0,1,1,0,1,1,0,0,1
421c2ab1-b9a9-46cc-a8ea-8b3f143def39,0,0,0,0,1,0,0,0,0
f03ae192-33f2-4aa5-a405-7479c870f03f,0,0,0,0,0,1,0,1,1
72553f7c-99ab-498c-9428-25dd2e124bbd,0,0,0,1,0,0,0,0,0
b92cf865-aa2e-4769-ab7d-b94c92c9bfe6,0,0,0,0,0,0,1,0,0
0ea764cb-dc7a-44d8-ba8c-d9119f09723d,0,0,0,0,0,0,1,0,0
6ec75f86-66b8-43da-924b-88adb898d72b,0,1,0,0,0,0,0,0,1
5d1c2462-dabc-4265-948e-2a0bff449ff3,0,0,0,0,1,1,0,0,1
37644dc7-c68d-4edd-8757-fc8312890ea5,0,0,0,0,0,0,0,0,0
dada1092-c37d-450b-a547-972d471ca678,1,0,1,0,0,0,1,0,0
613ea79f-a3cb-46b6-a55d-14bff6a56dd9,1,0,1,0,0,0,1,0,0
64214b1e-cef9-4a56-94ff-98ef9a4c3c19,0,0,0,0,0,0,0,0,1
1e0c4168-53df-4130-91ac-ea46b483af23,0,0,0,0,0,0,1,0,0
708e19a4-5753-47db-85d2-12d2f4428e3a,1,0,0,0,1,0,0,0,0
9d7a907f-c783-4048-8c22-da288ce63110,0,0,0,0,0,0,1,0,0
787b0a7f-a272-4230-a244-5987212c7bee,1,0,0,0,0,0,1,0,0
9bee94f2-b64d-4977-a723-55c2ed59a23e,1,1,1,0,1,1,0,0,1
1ce230a2-1942-4769-adaa-7219869c6fc6,0,1,0,0,1,1,0,0,1
a31a5973-e796-461f-aa77-9d99c7c860fb,0,0,1,0,1,0,1,0,0
5ea82f41-bb7c-424d-8411-e62d45bdd994,0,1,0,0,1,0,0,0,0
15bd19bb-f16a-4dc7-8394-edec664d0be2,0,0,0,0,1,1,0,0,1
162267ab-1468-4501-88c9-9459e2578232,0,0,0,0,0,0,1,0,0
c8fc4970-e892-45da-aad1-0878443c2646,0,0,0,0,1,1,0,0,0
77bf58f1-ab3f-4f6b-bda5-6425d6e7b7c4,0,0,0,0,1,0,0,0,0
7e24e057-1f5a-4560-84b2-2dc4a05001b7,0,0,0,0,1,0,0,0,0
b2c84375-5ef8-4cfa-8c6b-84b4d698ebc9,0,1,0,0,0,0,0,0,1
50c477a9-475e-44f5-8908-c7e035fdd3ae,0,0,0,0,0,0,1,0,0
28ccca70-81ee-447d-989a-850f00b5d1ba,0,0,0,0,1,1,0,0,1
4897ddb3-404e-47ab-ac04-12df4b13491c,0,0,0,0,0,0,1,0,0
bc9d22af-86ff-4e25-846c-304bbe140b68,1,1,0,0,0,0,0,1,0
5ca3b544-bf64-403b-8977-62defcbf8bc9,0,0,0,0,0,1,0,0,1
6f84215e-f2c9-400f-ba96-7b7785ce5e3e,0,0,1,0,0,0,1,0,0
471addc7-4786-472f-8dc3-85f5e49beeac,0,0,0,1,0,0,1,0,0
0fefba2a-04ea-4492-9ab3-bdd7647d8d55,0,0,0,0,1,0,0,0,0
993ddef3-0095-4a81-a600-8e2530d47d2f,0,0,0,0,1,0,0,0,1
eb8838dd-c8bf-4e27-8679-265a7d4f1713,0,0,0,0,0,0,1,0,0
a93752b7-68e2-4669-b89f-f6834219d1b1,1,0,0,0,0,0,1,0,0
7d494937-d278-434f-a589-037d5e7ca629,0,1,0,0,1,1,0,1,1
c653aa71-cce4-4d4a-aec0-12155a9ecefc,0,1,0,0,0,1,0,1,1
44f80c89-9427-4170-b696-fd05ae658684,0,1,0,0,1,1,0,0,1
bd7e4167-90d3-4f09-abab-fb1b8f37809a,0,0,0,0,1,0,0,0,0
e963c6c2-28d6-4dba-ad36-50e8356bd006,0,0,0,1,0,1,0,0,1
ca35f07a-58cd-46c5-9020-6555d606637b,0,0,0,0,1,0,0,0,0
750dab34-b71f-4206-9cf1-421dd6e231f6,0,0,0,0,1,0,0,0,1
245d55b2-c50a-4ed1-8b9e-e9345eb8bf48,0,0,0,0,0,0,1,0,0
03e9ff87-db3e-4a48-9486-970baae5726c,0,0,0,0,1,0,0,0,0
13cbdf24-aec8-43c2-92ef-b20233cca6f1,0,0,0,0,1,0,1,0,0
31126086-d291-4ce0-9ad3-d4876ecc8013,1,0,0,0,0,0,0,0,0
360720fa-a2c0-4822-bf3d-09ae74a052d8,1,1,0,0,0,0,0,0,1
9dd4ea6f-991f-4a8f-8ddb-f4ed11a6cc72,0,1,0,0,1,0,0,0,1
0e133484-200c-4299-b5bb-b6c937dd6bc8,0,0,0,1,1,1,0,0,1
80805c77-d0fe-4dee-ba76-82ebde4f4245,0,1,0,0,1,1,0,0,1
e1ec7a8d-c199-44d3-8f27-eee9e8136c1b,0,0,0,0,0,0,0,0,0
391cde55-4edd-4c8f-a97c-f58199358c3b,0,1,1,0,1,1,0,0,1
6f98503b-028a-4a2f-9fb5-9069f61de918,0,0,0,0,1,1,0,1,1
5ffa603a-1fb0-4cec-8acc-1b471755f5ce,0,0,0,0,1,0,0,0,0
c6c6064b-fa11-4d7f-ba52-141f3c01a8ce,0,0,0,0,1,1,0,0,1
84794081-693e-4897-bf2c-3b6a122c5534,0,0,1,0,1,0,0,0,0
1480279f-76ba-461e-9b63-f5c05d5304a1,0,0,0,0,1,1,0,0,0
f5a50ff3-2324-4e64-89f2-f09093d1eb7f,0,0,0,0,1,0,0,0,0
23927c83-7901-4441-8480-fec0139b8f44,1,1,0,0,0,0,1,0,0
80979bc8-311d-489f-99de-10fdc59a977c,0,0,1,0,1,0,0,0,0
4ac41cff-1f9c-48a9-90b0-9e5ee2277a08,0,1,0,0,1,0,0,0,1
b28952e3-5b11-47cf-87f6-b4564945960c,0,0,0,0,1,1,0,0,1
f73c15bb-4e9d-4454-a9ce-075f1e0a080c,1,0,1,0,0,0,1,0,0
412db433-29fc-43e7-8cf5-49c9542cfc8e,1,0,1,0,0,1,0,0,0
b3884f15-c98e-4335-bf04-a71f408dbf3f,1,0,1,0,0,0,1,0,0
b98f6f1d-cba0-4a40-ad05-4e37a2843d4a,1,0,0,0,1,1,0,0,1
594e4c31-d389-4af3-8785-d56f8abb1af6,0,0,0,0,1,1,0,0,1
efb526b9-3d2d-42e3-87eb-e9078c4fdb7e,1,0,0,0,1,1,0,0,1
c8b6c24a-b871-4eaa-81f3-364ca3e3fc96,0,1,0,0,0,0,0,0,0
f018a555-7c27-4716-b756-6bef412b3538,0,0,0,0,0,0,1,0,0
5ad65a8a-c79a-4b02-8481-cad2056a0af7,0,1,0,0,0,1,0,0,1
f76ef4ca-beef-421c-958b-686a3412303c,0,0,0,0,1,1,0,0,1
34055aba-1d4e-4f12-99d2-19153c969508,0,0,0,0,1,0,0,0,0
8602b3e4-f01d-451f-98bd-3f1e1021156c,0,0,0,0,0,0,1,0,0
8ca8ca6d-3c22-4443-b95d-b386e5a75083,0,0,0,0,1,0,0,0,0
baa1885e-99aa-4ede-9e5b-7dd7c0095f2b,0,0,0,0,0,0,0,0,0
70b6975d-5bd4-4944-bfcc-6871c39e27a9,0,0,0,0,0,1,1,0,0
9968e89f-5ab7-461d-b7cd-fecc3a2535c4,0,1,0,0,1,0,0,0,1
955e1f17-697f-4c25-8dd7-5e25e3c286dc,0,0,0,1,1,0,0,0,1
7b53aea7-3e5b-4dbd-9665-1be887ca88bb,0,1,0,0,1,0,0,0,1
3aeba0bf-e102-43ca-af14-b36888a4db9f,0,0,0,0,1,1,0,0,0
ef82de42-910e-45b9-b930-0be760138aca,0,0,1,0,0,0,1,0,0
dec60242-908f-4bb8-84be-da0181a5be7a,0,1,0,0,1,1,0,0,0
cb42804c-4fa7-4644-bb36-4228656a4934,0,0,0,0,1,0,0,0,1
d73451bc-734d-4aa8-8c06-ca828e46c18a,0,0,0,0,1,0,0,0,1
fa8820a0-4355-42c3-a72c-a49812edb74a,0,0,0,0,1,1,0,1,1
9ffca712-1474-48b1-9e49-f13767840674,1,0,0,0,0,0,1,0,0
141f250a-1458-451d-90b7-20888fb2895d,0,0,0,0,0,0,1,0,0
ac9f9cd2-adff-4d60-a960-58262ad7fd85,1,0,1,0,0,0,1,0,0
a9588764-cf3a-4a83-96b9-7a323182a8a2,0,0,0,0,0,0,0,0,1
c03bc6fa-3d70-468e-84e3-58f9bd59004d,1,0,0,0,1,1,0,0,1
2046be50-3d77-4e2c-9807-188fecde8dec,0,1,0,0,0,1,1,0,1
dcccdd18-e94b-49f4-ba13-024bf153077a,1,0,1,0,0,0,1,0,0
a65b93b7-43b4-460f-bc4e-a0f0d830c2fd,1,1,0,0,1,1,0,0,1
71ccd5a5-b018-424b-b401-492cfd63cb6f,0,0,0,0,0,0,1,0,1
6745b5eb-21ac-46e8-95fb-93e9f488fa22,0,1,0,0,1,0,0,0,0
45d7ddcd-b784-4155-9181-1b7470b1aa7b,1,0,0,0,0,0,1,0,0
582ad3fd-abe0-443a-bde2-df9e56e40c57,1,0,0,0,1,0,0,0,0
69eeb46b-2b30-4474-95ac-816d66b0684a,1,1,1,0,1,1,0,0,1
5294416e-6c50-435b-ae98-76e0b3c86873,0,0,0,0,0,0,1,0,0
8f169da4-7068-41eb-af1e-8e180381640b,1,0,0,0,1,1,0,0,1
7a200e86-572b-44b0-a0b9-99e2fc93df6d,0,0,1,0,0,0,1,0,0
535e0a52-c247-4c41-a78f-c7c4c2b7a8d1,0,0,1,0,1,0,0,0,0
72044735-6738-4da5-9ecd-6931e48819b9,1,0,0,0,0,0,1,0,0
4f77b1d4-88b6-4c91-953b-4348f0a34c7c,0,0,0,0,0,0,1,0,0
d0981b5c-889d-4d46-be6e-84ee3613ba6b,0,0,0,0,1,1,0,0,1
7168ddab-d90d-4170-a11c-80dda0e55376,0,1,0,0,1,1,0,0,1
a3078392-d5c2-4606-8591-9fb0df761891,0,0,0,1,0,0,0,0,0
54f5b2d3-b2b7-485f-a0c3-2ad1505d380d,0,1,0,0,0,0,0,0,1
7933f1e0-b9d1-4361-bce2-b66c6f3a8ef0,0,0,0,0,1,0,0,0,1
39da98cd-2b3a-4cac-bb63-e2bd64b60a21,0,0,0,0,0,0,0,0,1
46786e10-9923-4c3c-8846-a8f01f01029e,1,1,0,0,1,0,0,0,1
5f410ce2-e9a4-4bb5-a8b0-fc8cde84202d,0,0,0,0,1,0,0,0,0
57aa551c-1980-4514-97c3-2ed2ef14b796,0,0,0,0,0,0,0,0,0
951c7689-8c2a-4a32-8e21-07b7719bd645,0,0,0,1,0,0,1,0,0
ea0ec645-bc08-4da6-a7ff-d6e362bd545e,0,0,0,0,0,0,1,0,0
7abd22b3-3450-447a-9707-1f61a3471ce0,0,0,0,0,1,0,0,0,0
97dec6a1-291a-4c54-99ab-c06096cd370a,0,0,0,0,1,0,0,0,1
729c1fc1-981f-4f47-bd98-22ab11d01d2c,0,1,0,0,1,0,0,0,1
729bdf97-7230-4b3f-9871-b8d50bbc0f4e,0,0,0,0,0,0,0,0,0
4fe79a6b-a4ee-409e-8582-3553a8182258,0,0,0,0,0,1,0,1,1
13314747-c385-40ca-ad86-9f4725e4819c,0,0,1,0,1,1,0,0,1
8331f805-ab7c-415a-92d1-7a6207c7095d,1,1,0,0,1,0,0,0,1
ec4a94eb-e820-492b-830e-d7ee1e200607,0,0,0,0,1,0,0,0,1
276b851d-4138-4ff6-ab31-e2af2b647a7a,0,0,0,0,0,0,0,0,0
1dab5aea-1c29-4680-b7d5-982fb91053b1,1,0,1,0,0,0,1,0,0
6f895a16-81f6-4990-9616-d6e446f7cbba,0,0,0,0,0,0,1,0,0
b3b933a6-51f5-4143-9c84-1e15ac1ae9c9,0,0,0,0,1,1,0,0,1
a4ac6051-982e-4368-8ee9-bcdcd72c43f0,0,0,0,0,0,0,1,0,0
ec117a9a-b2ac-408d-a9b8-df8191015606,1,0,1,0,1,1,0,0,1
b6b18a66-9a55-45e5-a9c7-c29ad5468131,0,0,0,0,1,1,0,0,1
3f7f74c7-3d9c-46d8-83e4-4c4ec9c8cb52,1,0,0,0,0,0,1,0,0
4793f288-7744-4856-a134-cb2323323e6b,0,1,0,0,1,1,0,0,1
b21a4d6e-2655-4a95-b638-398960f9e773,0,1,1,0,1,0,0,0,1
ac361c4e-012a-41c3-80b3-915b8961c282,1,1,0,0,0,0,0,0,1
c6fd2bd2-911b-4768-b942-7e613f74c396,0,1,0,0,1,0,0,1,1
974152ea-0584-46bc-8c42-2380202e6622,0,0,1,0,0,0,1,1,0
aa045db7-f9f3-4f25-8460-b8f91737d172,0,0,0,0,1,1,0,0,1
1c2e4f7c-aaf5-41c1-b4fd-a31c022dd801,0,0,0,1,0,0,0,0,0
6b2b7ace-c49c-4422-b7f5-2a6eed13bf9f,0,0,1,0,0,0,1,0,0
a498f6df-3479-4c7c-b40b-581cd37494fb,0,0,0,1,0,0,1,0,0
dfd3be94-7bbb-49dd-8d84-145a8646f1a9,0,0,1,0,1,0,0,0,0
0a69b340-5d6d-4e9c-946c-67c66d1f01f0,0,0,0,0,1,0,0,0,0
e65cbb08-29ad-480d-bf45-456cf8a08c1c,0,0,1,0,0,0,1,0,0
a334dd5f-64c4-4a4e-b9f2-f8e155640c02,0,1,0,0,0,0,0,1,1
ec9abaa0-a6ca-4a4f-ae11-06a58000436b,0,0,0,1,1,0,0,0,0
7807ece3-841c-47d0-b010-bad2da9fa009,0,0,0,0,0,0,1,0,0
51ba4ef8-ecee-43d7-a2d2-8722f0d27316,1,1,0,0,1,1,0,0,1
14dcde75-cbc0-4a52-928a-ca1d62e74978,1,0,0,0,0,0,1,0,0
59c462ad-b432-452f-ad6b-28d8f65f76dd,1,0,0,0,1,0,0,0,1
b028806c-def3-48d9-b7dd-5adb52a0e4fe,1,0,0,0,0,0,1,0,0
23f04c0f-d53f-4cc8-a4e3-5f5f6df7b057,0,0,0,1,0,0,1,0,0
0a15f231-88c7-428d-bb2d-77b9f8baa566,1,0,0,0,0,0,0,0,0
2f6dcf33-3e85-4fb5-8aa2-db0cd67da907,0,1,0,0,1,1,0,1,1
f23c71fc-062b-4c1f-87d0-004574b0c66d,0,0,0,0,0,0,1,0,0
23894fe5-d3f4-4e9c-ba3c-db95b92dfe51,1,0,0,0,0,0,1,0,0
91c30f07-a23b-47b6-935f-ee942546a5f9,0,0,1,0,1,0,0,0,0
d0130f28-8fc8-450a-a091-d3db7612bb53,0,0,0,0,1,0,0,0,0
a7203d53-5ced-4f72-ac9c-563634066454,0,1,0,0,0,0,0,0,1
e2601fbe-e818-4c2d-99ca-854df31ec996,0,0,1,0,1,0,0,0,0
1cc65bdf-a7a5-455c-8ce3-2d7392b18974,0,0,0,0,0,0,1,0,0
72643116-f542-4210-9d2d-9246665eb8c5,1,0,1,0,0,0,1,0,0
a233ac06-c0b9-477d-92fc-8de40351f51c,0,0,0,1,0,0,1,0,0
0fadb51e-0a6f-4939-a4ab-ce45fc31f138,1,0,0,0,1,0,0,0,0
4db991c7-318c-4add-9298-451e45d4a1db,0,1,0,0,0,0,0,0,1
b05601a4-ba57-4037-be19-412bc42cb77e,1,0,0,0,0,0,1,0,0
3738745c-f913-436e-8064-4a2b758f90fe,0,0,1,0,0,0,1,0,0
02a72dc8-a8b9-461d-9860-b4f52e0428fb,0,0,1,0,0,1,1,0,0
42fa96fd-f79a-4222-be04-b82a1e4517d3,0,1,0,0,0,0,0,0,1
75c1eb49-42d8-44b9-9c1f-f6a523d64c57,0,0,0,0,1,0,0,0,0
a5312f75-3302-49fa-bd8e-ea1e85bc81ba,1,0,1,0,0,0,1,0,0
99ebfae9-342d-487f-bfbb-324cd370c00a,0,0,0,1,0,0,1,0,0
208b485e-5659-4b3f-af5a-e88e2711bb63,0,0,0,0,0,0,0,0,0
ba8b37ed-2ffb-4ea3-85d5-25cb6b87e209,0,0,0,0,1,0,0,0,1
efaba676-8100-4be4-86b1-0ddd99a710ca,0,0,0,1,1,0,0,0,1
dd7cb8de-4fd0-4d11-93e2-b9deadca4adf,0,1,0,0,0,0,0,1,1
5bcec6d2-9fd3-4e67-a067-9e9c78ca4f67,0,0,0,0,0,0,1,0,0
acd784e0-0cb3-4bed-b63f-a91e0040edf2,0,0,0,0,1,0,0,0,0
a8a830c1-8eac-4743-9820-df503f8f5bdb,0,0,0,0,1,0,0,0,0
965cd2c9-97c7-4bff-ab03-ad5646355f64,1,1,0,0,1,1,0,0,1
e919b7a3-b98a-4196-9629-bfe4f1035aeb,0,0,0,0,0,0,1,0,0
80b711d4-b37b-42a0-a630-dbc7dd9035aa,0,1,0,0,1,1,0,0,1
a494aae0-c2b6-4b02-a1e7-81e39064e91a,0,0,0,0,1,0,0,0,0
2417cb7f-177f-449e-95f8-5cc9eda0ff27,0,0,0,1,1,1,0,0,1
d31646de-c123-4c8d-9ff3-970928bbd559,1,0,1,0,1,0,0,0,0
194a18f4-9de2-47f6-a361-58b54c20ae2b,0,0,0,0,1,0,0,0,0
1a1c56e3-44b8-49d4-b58a-b026b4b296ab,0,0,0,1,0,0,1,0,0
43c8f23a-5935-49b1-a832-2f2829554c74,0,0,0,0,1,1,0,0,1
5dc1e368-9e07-4c65-9af7-ec8acf495a24,1,0,1,0,1,1,0,0,1
2029d2e2-86c9-473d-b51b-b9fe075897d4,1,1,0,0,0,0,1,0,0
28ec0f4a-b0e0-45dc-8998-b6e22f6eb39e,0,0,0,0,0,0,1,0,0
3c352ff6-d468-4631-af33-8bf59210cb51,0,0,1,0,0,0,0,0,0
7be595ce-bca5-40af-8ab9-c20335d132a3,0,0,0,0,1,1,0,0,0
ede78827-776a-4a8c-a092-aef219f77bb8,1,1,0,0,1,1,0,0,1
5d86c4a1-62e5-4a2d-8c5a-8122ad6a8319,1,1,0,0,0,0,1,0,0
6b2d7cf5-afb2-45b0-a222-0482fbd1481a,1,0,1,0,1,0,0,0,0
9c41d400-9fa2-4558-aad5-9f9e892488c4,0,0,1,0,1,0,1,0,0
287e30ed-776e-4f94-884f-2c8af9761444,0,1,1,0,0,0,0,0,0
c5e30e25-e436-4ad5-b578-5f1b94b1f47e,0,0,0,0,1,1,0,0,1
a1104c2a-3db9-4f7e-bc9b-79d7a2744300,1,0,0,0,0,0,1,0,0
2f6588a7-b2b1-42f4-9c3b-8d113fe9c23e,1,1,0,0,0,0,0,1,0
02648fea-7226-44dc-8644-27987b6d9a2a,1,1,0,0,1,1,0,0,1
a6417c49-27a3-46c0-ae3d-0eb35ea78a7d,1,0,0,0,0,0,0,0,0
689aae28-70f6-4fbe-aa95-34cb8071039b,0,0,0,0,0,0,0,0,0
ad1dcaf3-a660-4029-b807-bcb09c12c1ea,1,0,1,0,0,0,1,0,0
436850a7-db49-4961-9854-84c760337d07,0,1,0,0,1,0,0,0,1
7edfa9eb-aa91-4881-b1a1-305c01bdffdc,0,0,0,1,0,1,0,0,1
4b237d04-2272-41ad-ba0b-7459d9027db2,0,0,0,0,0,0,0,1,1
307e17ab-8eb1-4d4e-9845-69070659f912,0,0,0,0,1,0,1,0,0
69aba582-89dd-4013-8fab-b356a2ee7389,0,1,0,0,0,0,0,0,1
6dafb4c9-4e2f-4451-ae4c-16c887529235,1,0,1,0,0,1,1,0,0
5390fa34-7fe6-4137-b542-15752cc385ab,0,0,0,0,1,1,0,0,1
4ab6e859-3450-431e-980d-14b3452533e9,0,1,0,0,1,1,0,0,1
8beea472-6c71-480b-918b-8eab44705aa0,0,0,1,1,0,0,1,0,0
e467fba4-e839-49b2-b92e-1ecb0f3b4b13,1,1,0,0,1,1,0,0,1
ae89e539-9d0f-4ba4-a1e9-1bff948597a4,0,0,0,0,0,0,0,0,1
0ac42c83-4aee-4d89-a592-3e4805eb2e78,0,0,0,1,0,0,0,0,0
5ba0089f-321f-4d79-b8cf-514704e90810,0,0,0,1,0,0,0,0,1
af0b821f-88a2-4cbf-a42f-97e3563ff538,0,0,1,0,0,0,1,0,0
c099c344-b156-4c4e-8546-7d57d37f66dc,0,1,0,0,1,0,0,0,1
315e64e0-ea16-4e42-ab24-5f261fee86ef,0,1,0,0,0,0,0,1,1
3f8fd28a-475f-4504-b266-b1d25398143d,0,0,0,0,0,0,0,0,1
42d58501-31a5-4aae-ba27-c0e9fbdefd51,1,0,0,0,0,0,1,0,0
95df89de-052d-440f-a401-c41a815537c9,0,0,0,0,1,1,0,0,1
59e83086-a442-4de9-a108-f2e4f4243409,1,0,0,0,1,1,0,0,1
c25a37ee-e0f3-4754-9ecc-b518b4b3343a,0,0,0,0,0,0,0,1,1
c0661e1e-4c30-4d5c-a092-5c84d8437d2e,0,0,0,0,1,0,0,0,0
dc3fc93d-4447-4e3c-a05d-3917f7667ae6,0,1,0,0,0,0,0,0,1
ec5266da-0ca1-4d44-9c49-7d6f41e1a255,0,0,0,0,0,0,1,0,0
db0282b7-d5bf-490e-a814-10c394c257bc,0,0,1,0,0,0,1,0,0
fa57924d-7430-481d-82f1-35621be3f021,0,0,0,0,0,1,0,1,1
3914eb21-4104-4699-8dce-fd51b8454b67,0,1,0,0,0,0,0,0,1
9c1284f7-86d2-42d3-b610-9e7a80bb1da1,0,0,0,0,1,0,0,0,1
e1ac4cdc-144b-4b23-a3e6-7764925edc72,1,0,0,0,0,0,0,0,1
85d1ddf0-49f7-4673-8507-32b16aaa1103,1,1,1,0,0,0,1,0,0
5cadaaeb-3745-4bee-81e4-e8293908681f,0,0,1,0,0,0,1,0,0
e30ed2c7-ead1-4d0b-8f48-dac43ee0a256,0,0,0,0,0,0,1,0,0
cfcb471e-14b5-4c7d-a3ed-cf1f8e318eb3,1,0,0,0,1,0,1,0,0
367b147e-eaa6-45a7-b19a-30836e77a77a,0,0,1,1,0,0,0,0,1
a2db6524-f592-42ef-8515-9ec1089929f4,1,0,1,0,0,0,1,0,0
fbb88ed9-02d9-4d48-a5e1-ed2c3abece91,1,1,1,0,0,0,1,0,0
0af3f963-5a9e-4900-8a90-29388599538b,0,0,0,0,1,1,0,0,1
2e863a5f-b010-432e-b952-679e477fffd3,1,1,0,0,1,0,0,1,1
f931da19-2ae7-43c5-808c-6686c4cb5be6,0,0,0,0,1,1,0,0,1
60b8b5e6-2776-4c04-ae00-5d52ba57a083,0,0,0,0,1,1,0,0,1
d441a27c-4317-478b-abbd-905ffb0c0670,0,0,0,0,1,0,0,0,0
a0d619a8-2482-4338-82cd-86a562883d02,0,0,0,0,1,0,0,0,0
11fad4ab-363a-4019-a533-1a314c5f1c98,1,0,0,0,0,0,0,0,0
d3fd08ba-0542-41da-a394-87397d78d520,0,0,0,0,0,0,1,0,0
e5324eea-ff67-45fe-bcfd-9eddc35e5822,0,0,0,0,1,0,0,0,0
54b99ece-7872-4493-b8dd-eb9d05c2a2fa,0,1,0,0,1,0,0,0,0
94394cfb-114e-445d-a71d-6710e56db9f8,0,0,0,0,0,0,1,0,0
50d0f89a-f0f8-40a8-873b-d130a3d3b989,1,1,0,0,1,0,0,0,1
307b9839-20f3-48dc-b3a9-8de8f220f9fc,1,0,0,0,0,0,1,0,0
efe55754-4a70-4a80-bbf7-52d3b527824d,0,1,0,0,1,0,0,0,0
b7b809b0-c9ce-49f9-9198-d0a78ea9251b,0,1,1,0,1,1,0,0,0
e609c171-feca-47c1-b030-40f415a02390,0,0,0,0,0,0,1,0,0
1754ea02-16c4-453e-aaec-6cb9f3035cbb,0,0,0,0,0,0,0,0,0
5aefaaae-be72-42b3-b91b-9fe7eb5da480,0,1,0,0,1,1,0,0,1
6fd94c0c-778a-4424-98c3-89e2fcbdb6e6,1,0,0,0,0,0,0,0,1
8ddc7ec0-69f9-4e67-9fef-27035ef8c6a1,1,0,0,0,0,1,0,0,1
5be87b6d-436d-430c-86dc-f18fe881e016,0,0,0,0,0,0,0,0,1
d0899a0a-880e-4167-a746-bd6d43ab54d6,0,0,0,0,0,0,0,0,0
3681a20b-da20-4b8b-8f87-9b3ffc03ad19,0,1,1,0,0,0,0,0,0
ba6a9112-bd6e-42d6-9b88-0d4e82e9e0e9,0,0,0,0,0,1,1,0,0
faeb8cfd-96e1-4ac4-95f7-92fa4733dbf2,0,0,0,0,1,1,0,0,1
2f097d43-fc05-470c-aa57-7cd1d3c865d7,1,1,1,0,0,0,0,0,0
b4321382-0236-4fc4-b8a6-e0b14c3d98b5,0,1,0,0,0,0,0,1,0
99cce37c-bdb0-4aca-95e2-60e071b35a38,0,0,0,0,1,1,0,0,1
e9f57c73-4046-4b38-b454-29a5e00334aa,1,0,0,0,1,0,0,0,1
8355a9a4-1d48-43ec-bbcf-1754ac7b9089,1,0,1,0,0,0,1,0,0
a44d7384-3389-402c-9b44-a57cbee4696a,0,1,0,0,1,1,0,0,1
96a94407-8044-4dbf-abb4-d83c1bc53bb2,0,0,0,0,0,0,0,0,0
fa4df757-8705-48ed-a599-12e48ba65401,0,0,0,0,1,1,0,0,1
75629060-7f34-4184-9567-cc966d5d03ae,1,1,0,0,0,1,0,0,1
e29a14f0-2204-4b9e-aca4-44943901fdb1,0,1,0,0,1,1,0,0,1
8287c21c-6c1c-4d21-ad40-a59d347f8e87,1,0,0,0,0,0,0,0,0
bb16be62-ae0f-4435-b364-9c299d960312,0,0,0,0,0,1,0,0,1
44145488-11b4-44fa-8478-eedf558c017b,1,1,0,0,0,0,0,0,0
f0d3c589-3a6f-4334-879b-c580f940a0c1,0,0,0,0,0,0,0,0,0
16a23fbb-666f-4a1e-ba62-38e1c6c340bd,0,1,0,0,1,0,0,0,1
ce2cfd87-856d-4752-b514-0d71f60852ab,1,0,1,0,0,0,1,0,0
29a9b9ad-4f6b-4336-a632-4dae376b9ac1,0,1,1,0,0,0,0,0,0
bf6980e0-f04a-4311-a13e-2a44f53ce7ee,1,1,0,0,1,1,0,0,1
e877794a-5760-4c9e-bc0e-2df279af1b62,0,0,0,0,1,1,0,0,1
7d2f9942-cd4d-4dee-b830-0c50be2c167b,0,1,0,0,0,0,0,0,1
07429909-122c-43a8-9953-7f0a450596d4,1,1,0,0,1,1,0,0,1
c8dc49f0-c86c-4778-b948-0ee9baf74f3d,0,0,0,0,0,0,1,0,0
3e99adad-c8ea-44cd-b53f-47eb2a98ec0e,1,0,0,0,0,0,1,0,0
84524871-b8e8-41e2-859c-c02dbe07e43c,1,1,0,0,1,0,0,0,1
c4c2b4db-474e-463d-be58-3b4fa72a1822,0,0,0,0,0,0,1,0,0
2fefbcff-7620-4148-bea2-091f32587548,0,0,0,1,0,0,1,0,0
0ee5c6ee-713f-4861-832a-11c2f587bb46,0,0,0,0,1,1,0,0,0
dbd6cc0b-35e1-485a-96f6-8cf2d49a0f2f,0,0,0,0,0,0,1,0,0
7e761735-c8aa-4c6f-9102-aa9e18190f4a,0,0,0,0,0,0,1,0,0
31455a37-7f48-40e3-a699-d3cd7156931c,0,1,0,0,0,1,0,1,1
29628f3b-ce70-48d7-83cc-0f183677a729,1,0,1,0,1,1,0,0,1
16372e8e-02b2-4ccf-87c4-8985e9d479d7,0,0,0,0,1,0,0,0,0
8342b59a-aae3-42ed-89a9-dbdb61dc97bb,0,0,0,0,0,1,0,0,1
70d22b1b-04c8-4f26-9df3-f3f98d38e171,0,0,0,0,0,0,1,0,0
c833e15c-14f8-4096-b157-b8155f753044,1,1,1,0,0,0,0,0,0
c9391ffa-2931-476d-a70c-df370348f5a0,0,0,0,0,1,1,0,0,1
bb2bf993-beca-4868-9701-598d5143c01f,0,0,1,0,0,0,1,0,0
4006f8c9-fd63-4010-bdae-7b7d70fda4b5,1,0,1,0,0,0,1,0,0
bc3af3cb-9bd1-403c-8711-bfcdb9150216,0,0,0,0,1,0,0,1,1
ce2a9ff1-8cbb-43a8-a22e-b2554d56be54,1,1,0,0,0,0,0,0,1
e778aefb-7a86-414d-9920-2dba6300aa89,0,1,0,0,1,0,0,0,1
5ab65feb-1109-4230-ac4f-cda2e827e3cc,1,0,1,0,1,1,0,0,1
a44f15cd-3023-4a89-b8a2-9cac7e4c56ff,1,1,1,0,1,1,0,0,0
b7045ed5-22d5-4b82-bebc-c740ba08c8ee,0,0,0,1,0,1,0,0,1
98980a07-7059-4469-a5f3-eb369977b90c,0,0,0,0,1,0,1,0,0
43fcec01-8528-4c0b-8e06-c8bf0ade3b5c,0,0,0,0,1,0,0,0,1
1dee4b0e-d257-47cf-96b1-71dafba3b548,1,0,1,0,0,0,1,0,0
096f5c47-e65b-408f-82e5-d96500376041,0,1,1,0,1,1,0,0,1
7e8823dc-3460-4092-814a-6a0fbb7fa581,1,0,0,0,1,1,0,0,1
7abdbdc4-e915-498f-9b59-2bed9b702a4b,0,0,0,0,0,0,0,0,0
47fe9280-7cde-46b5-9877-f4d3c5e99679,0,0,0,0,1,1,0,0,1
4f46ba15-aac0-4e82-89ba-678bffa0420f,0,1,1,0,1,1,0,0,1
3dd61e6d-1b83-43d5-a267-bc127c73b64b,0,0,0,0,0,0,1,0,0
8fd2c9d3-b78f-4583-a5f2-5db99e20325d,0,0,0,0,0,0,1,0,0
3c182848-221f-4516-aa90-8194548bfddb,0,0,1,0,0,0,1,0,0
f06deb78-df81-42e1-9e10-86ef04d07a29,0,1,1,0,0,0,0,0,0
fcbd2534-5d7e-42a7-b474-7482d3188dc6,0,0,0,0,0,0,0,0,1
a2e3f669-5d5d-4632-bd5e-2b4115cc31e3,0,1,0,0,1,0,0,0,0
aac633d1-d23a-435f-932d-88f80e1ac7cd,0,0,0,0,0,1,1,0,0
052d2f84-1b5d-4532-b82e-396d8a5b1ba1,1,0,0,0,0,0,1,0,0
0df1731f-2c17-47ad-bd45-8bdd0823ce99,0,0,0,0,0,1,0,0,1
61c20454-2ced-4f13-a9bd-71de3c191c6f,0,1,1,0,0,0,0,0,0
564f0889-2024-474d-a4f2-f0120c79006c,0,0,0,0,0,1,0,0,1
c8e9bced-9c66-4c06-8ab6-a878bdd062a6,0,0,0,0,1,0,1,0,0
f69dba82-3043-4f07-9abe-5c9039acbcf9,0,0,0,0,0,0,1,0,0
d9bcb607-8989-4365-9b5e-21a6467ad31d,0,0,0,0,1,1,0,1,1
549ce817-48f9-4ec2-b904-b3e0be7cec89,1,0,1,0,0,0,1,0,0
0e01d251-1922-4a73-a810-87719c59887b,0,0,0,0,1,1,0,0,1
3397f5f4-857c-4679-925f-d4d52bf0ce66,0,0,0,1,0,1,0,1,1
b2444de2-99cd-4996-9896-58c53be34d3b,0,1,0,0,1,0,0,0,1
a9db3370-d4a0-4086-8081-a513d24ac507,1,0,1,0,0,1,1,0,0
5cddf985-9684-49dc-b937-1629f1cca90c,0,0,0,0,1,1,0,1,1
2f7e19d8-3b0d-4fe0-b74e-8d3e1a72fb1a,1,1,0,0,1,1,0,0,1
40373cc3-1f27-4e83-af29-4575e59d09cc,0,0,0,0,1,1,0,0,1
32ff03d3-cb10-46e2-b6eb-dbc804e9bff4,0,1,1,0,0,0,1,0,0
ea3235da-cb7b-43dc-bdf9-7c08145a72ed,1,0,0,0,0,0,0,0,0
6414458a-90a7-4098-a99f-0c467c9975e9,0,0,0,1,0,1,0,1,1
b599f3d2-da5c-4b6c-9ac3-6505b9a40e26,0,0,0,1,0,0,1,0,0
355ae246-15f1-4f4c-a09d-e4185d583ad0,0,0,0,0,1,1,0,0,1
28862ed8-e615-49f9-9cd2-beefcbbc1dd2,0,1,0,0,0,0,0,1,1
fef8c3ff-9bdb-4b1f-920f-ffb937cbbf42,0,1,0,0,0,0,0,0,1
546ce9a1-b2d1-4bd1-9774-04b8b9d55efd,1,0,0,0,0,0,1,0,0
caffc551-3f9e-4283-bc06-fc449350d157,0,0,0,0,1,1,0,0,1
cbf1a62a-54c8-41c6-8528-22bfcc4240f4,0,0,0,0,0,0,0,0,1
73d10afd-b7bf-477c-bd4d-e8432632f0ca,0,0,0,0,0,0,1,0,0
61657ed6-1d8f-40ae-bd27-cf5663157108,1,0,0,0,1,1,0,0,1
f7adcc4a-1461-4d8e-8d38-b59cdb020ed9,0,0,0,0,0,0,1,0,0
e1b72acf-0616-45c5-8dd5-37c31764d764,0,0,0,1,0,0,1,0,0
caa19bdd-18ff-49b1-a241-3c8d5d155f1d,0,0,1,0,0,0,1,0,0
b9be20d7-9a73-4ca7-a81e-30bece5cab33,0,1,0,0,0,0,0,0,1
464b0f4c-dda3-4266-af34-b1d46d1377e3,0,1,0,0,1,0,0,0,1
e69435d9-d217-4d67-9e73-574bf536af3a,1,0,0,0,0,0,1,0,0
d362385c-b6ce-4aab-8d4c-57ead1ba9ee5,0,0,0,0,0,0,1,0,0
1937b9ab-d33d-4421-9f4b-6d04da79c5c6,0,1,0,0,0,0,0,0,1
3fec4e77-9b91-4862-b9d6-1825c3043867,0,0,0,1,0,0,1,0,0
e25e5682-8230-4174-afa8-d5941328bd41,0,0,0,0,0,0,0,0,0
a9bc9836-c901-44f8-88b2-ba75f6f80881,0,1,0,0,0,0,0,0,0
e704f0f1-8aa8-4097-99d4-c36dde90f6ce,0,0,1,0,0,0,1,0,0
e570c6a0-c37b-404f-b278-79cd7f648467,0,0,0,0,0,0,1,0,0
ae7cb296-2b80-4099-8ea4-8c1ea7b0a7d3,0,0,0,0,0,0,1,0,0
ffdc3fa1-6689-48d2-b417-230f934b7d37,0,0,0,0,1,0,0,0,0
445500ea-84d5-49cb-9329-750603206f39,0,0,0,0,1,0,0,0,0
0dbb2a7e-6287-4cdd-9549-037a453fb97b,0,0,0,0,0,0,1,0,0
48c7c2cc-8332-4ca7-8c49-467f1cf82142,0,0,1,0,0,0,1,0,0
34a65950-afb4-4693-9ad9-5fead3785a89,0,0,0,0,0,0,1,0,0
16069407-46f6-45e1-9543-e871eb305264,0,0,0,0,0,0,1,0,0
10cf076e-6993-43f0-b5f5-45b3137090a6,0,0,0,0,0,0,1,0,0
61b3856b-3216-4c82-8c92-02f7b21e6024,0,0,0,0,0,0,1,0,0
2f76d499-4bfb-4d7f-89d7-b828e9d855fc,0,1,0,0,0,0,0,1,1
5a1b6727-6905-4e1a-ba5b-b08dfdce02f2,0,0,1,0,1,0,1,0,0
dab32830-cce9-42a0-b764-3bc8a78e7e5b,0,0,0,1,0,0,0,0,1
1d8eb5ad-b687-41b6-97c6-133fca9e4ec9,0,0,0,0,0,0,1,0,0
586a39d2-f4f0-4d83-ab6d-640a719ccf38,0,1,0,0,0,0,0,0,1
0f2bd0f4-8357-4acf-be14-563e0e5801bb,1,0,0,0,1,0,0,0,0
5b75437f-f256-4c11-ac34-1b340daae716,0,0,0,0,0,1,0,0,1
4647d15d-b9e2-4efd-aaae-599b3e7a14f2,0,0,0,0,0,1,0,0,0
8b068e61-fe0c-4064-9301-f45f26707a6f,1,1,0,0,1,1,0,0,1
697521d2-63d1-4f42-828c-f28877c5177c,1,0,0,0,0,0,0,0,0
ca9f7a67-be19-4d92-a50c-21060ae31d0d,1,1,0,0,0,0,1,0,0
f9b4f3cf-6055-4443-a524-e0285e649eac,0,1,0,0,0,0,0,1,1
7f59231e-5739-46d6-9e52-bc3e4bb6715f,0,0,0,0,0,0,0,1,0
b6b6ccb7-5e07-4e73-87f2-aaca643a04b5,1,0,0,0,1,0,0,0,0
3ac8a279-aab9-49cd-86e7-e080555f3718,0,0,0,0,1,1,0,0,1
f1d1a482-3732-453f-b213-cf387a7f07cf,0,0,0,1,0,0,0,1,0
4d4ff56b-81e3-4908-8ceb-72eed66d41e4,0,0,1,0,0,0,1,0,0
3420563e-078d-4767-94db-8156b4e7aaf5,0,0,0,0,0,0,1,0,1
74b8017b-9f17-4be1-822e-d18bec3b07de,1,0,1,0,0,0,1,0,0
34152539-c686-4a94-beaf-2af46eed8f29,0,0,0,0,0,0,1,0,0
ab19b8db-4ac5-48bf-b66c-0865b67e47ec,0,0,0,0,1,0,0,0,1
40173b24-b43c-48ae-84a8-55e1e50a23ae,0,0,0,0,0,0,1,0,0
7cec6670-2ebf-4682-8a93-18c2d5d1c787,0,1,1,0,1,0,0,0,0
14e01b1f-7680-4d1f-ac3e-fd0a6c2e2453,0,1,0,0,1,0,0,0,1
2208199c-1cfc-4415-a2d0-3f2e54ea4c04,0,1,0,0,0,0,0,0,0
fa9ef1a8-227b-4a4c-8f00-9c2d39e4f8a7,0,1,0,0,0,0,0,1,1
2ee04eb1-bb1c-4aa2-b51d-ca302cd449ef,0,0,1,0,0,0,1,0,0
194a131f-ca12-455e-af5f-14d7262fae86,0,0,0,1,1,1,1,0,0
66176336-0d6c-4521-91f6-018e026c23d4,0,0,1,0,1,1,0,0,1
fcae3703-a7b0-4450-8396-30726222e72d,0,1,0,0,1,0,0,0,1
3e809f53-5e50-4f36-abf1-b9a13a5be01f,0,0,0,0,1,0,0,0,0
715bb410-9ddf-4c3b-9fd6-c58abd675bfc,1,1,1,0,0,0,1,0,0
8cc0f8c5-302e-425f-8e1b-a63c5c5b8eeb,0,0,0,0,1,0,0,0,0
d04d9363-e613-4aa9-aef3-3989334e0b15,1,1,0,0,1,0,0,0,1
84f1dfa3-657b-4d77-a9f6-ba9aab1fd1f5,0,0,0,0,1,0,1,0,0
d40749c4-8283-4f93-ac0b-7888caee710a,0,1,0,0,1,0,0,0,1
03c3d74c-d1e8-4b70-bd13-573e8ddc9ac9,0,0,0,1,0,0,1,0,0
2c020e81-9736-4308-9776-a2146d0857b5,1,0,1,0,0,0,1,0,0
4af66b33-b5a0-4fa1-92c6-5b44e37e4db9,0,0,0,0,1,1,0,0,1
66fbaed1-2499-4473-bf98-eec5d4f571f9,0,0,1,0,0,0,0,0,0
460a04f6-71e8-4603-a91f-9d1bc2237131,1,1,1,0,1,1,0,0,1
c517abe2-639c-442b-b98a-3940c61a7c4e,0,0,0,0,0,0,1,0,0
064f86e0-1fb6-4aaf-be41-94e097cf9a5c,0,0,0,1,1,1,0,0,1
3c558224-9db3-441c-a1c0-ba8db4a685a3,0,1,1,0,1,1,0,0,0
c6b93089-96aa-4ba3-95de-138f445b68ac,0,0,0,1,0,0,0,1,1
e57ff47a-78e8-418b-815e-2159db042b1a,1,0,1,0,1,0,0,0,0
7191a107-2214-4f68-bbdc-48d190b505af,0,0,0,0,0,1,0,1,1
555171b1-a12d-4d18-a8cd-70ee1ce3951f,0,1,1,0,0,0,0,0,1
482add8a-0b7e-4955-8fbb-9072b222fdd7,0,0,0,1,1,0,0,0,0
ce43cf90-0f55-4106-9bfe-6119fa17a254,0,0,0,0,0,0,0,1,1
b352d572-1e2c-46f4-9118-6d7303640e35,0,1,0,0,0,0,0,0,1
fe6a0873-b160-4772-a2ed-af8869d957a2,1,0,0,0,1,0,0,0,1
ba15d48e-d83c-4b11-909f-1e331e027a9e,1,0,0,0,0,0,1,0,0
24e804b8-3ef3-4f1a-b55f-572de1f4a54e,0,0,1,0,1,0,0,1,1
cc313bc9-f033-4dca-8e50-2e118e478b9f,0,1,0,0,1,1,0,0,1
101ffd15-9710-41c3-9318-ae84c7c596c7,0,1,0,0,0,0,0,1,1
cb0c8763-050b-452c-8e8f-9a03764fc6d0,0,1,0,0,0,0,0,0,0
88de05b5-3daa-4c38-94d8-49091e4bbacf,0,0,0,0,1,0,0,0,1
dd2eddab-701f-4433-ae50-9f6740ef4d89,0,0,0,0,1,0,0,0,0
ef3dc781-76d1-4487-a8bf-171e5a4d384d,1,0,0,0,1,1,0,0,1
386e06a7-fade-45f5-b89b-dad783e53287,0,0,1,0,1,0,0,0,0
e5dbe03c-2ba7-4449-9241-22f4620183d2,0,0,0,0,1,0,0,0,0
1fcf3eba-8d0f-4185-b6a3-9412d59b2d5b,0,0,1,0,1,0,0,0,0
fbe55817-8d9b-49ca-964f-0f4f49cbdf7a,1,0,0,0,1,0,0,0,0
e50c648e-9349-4411-9501-29c3e1470e5b,0,0,0,0,1,1,0,0,1
ee869723-61a4-4e5f-822a-494681f3eb12,0,0,0,0,1,1,0,0,1
c7d3c550-564e-4e07-9d37-03d6874056f7,0,0,0,1,0,0,0,0,0
f26127f3-29c8-4f42-b9b6-49b1783d1825,0,1,0,0,0,0,0,1,1
6acf0c51-6068-495a-a762-1d512ce208ce,0,0,0,1,0,0,1,0,0
6b99580c-8665-4c3f-83fc-ad0f897f17b2,0,0,0,0,0,0,1,0,0
8ab93e7d-9a33-486a-8432-3c9366b79f9a,1,0,1,0,0,0,1,0,0
c84b5d9b-8d7e-40ef-9b32-00058b7b27c5,0,1,1,0,0,0,1,0,0
6ac969e5-1aed-4fbf-bba2-9f0c7325f255,0,1,0,0,1,0,0,0,1
a44a945a-223f-4e47-ad99-36de0ca731c8,0,0,0,0,0,0,0,0,0
3e0d98f7-397f-4310-be47-42243d8136a4,1,0,1,0,1,0,0,0,0
a8544f29-df91-4813-9104-c9688f3ecae2,1,1,0,0,0,0,1,0,0
ac795024-3624-4fa3-b0e8-4cb0c4c3c70d,0,0,1,0,0,0,1,0,0
487f3a5f-543b-48c7-baee-d3e1e30d23ac,0,0,1,0,0,0,1,0,0
1a822665-71fd-48b3-8414-a036c609fa66,0,1,0,0,1,0,0,0,1
06b27633-c5d0-4529-b76c-fbf80bf4f3cc,1,1,0,0,0,0,1,0,0
b57706d7-464b-4042-89b8-977f5fb1f8cd,0,0,1,1,0,0,1,0,0
a2d27b0a-947b-4587-915d-00eedc616709,0,0,1,0,1,1,0,0,1
03e2ab4b-ac03-4b18-aeea-039c95554e1d,0,0,0,0,1,0,0,0,1
caa699cc-0f32-4c42-a7a6-d0a6f874a0b1,1,0,1,0,0,0,1,0,0
4ca3ecbf-1396-480e-911c-60b1605dac04,0,0,0,1,0,0,1,0,0
4a698489-458b-4890-b1b9-cdf8fd8c3471,0,0,1,0,1,0,0,0,0
c7296ff0-7b16-4e1e-8476-8340dcd0dbf1,0,0,0,0,1,0,0,0,1
34cf987f-fe4e-4e4c-b50f-bad821c0cd5d,0,0,1,0,1,0,0,0,0
45800343-d4a2-4758-ad72-7067cf6b449b,1,1,0,0,0,0,0,1,1
5edd8c08-6703-4d78-ad0f-c2c18055d20d,1,1,1,0,1,1,0,0,1
f4b18d4c-98ed-420c-a3b5-d9a0037cbddb,0,0,1,0,1,0,0,0,0
0a888619-12a7-4a66-b65f-37d4a3555baa,0,0,0,1,0,0,0,0,1
e16f2038-c356-47d9-98b1-20d8c8085da7,0,0,1,0,1,1,0,0,1
4f78fa73-12b6-40ed-b741-a54f4aa151cf,0,0,1,0,1,1,0,0,1
6e2ca486-b32a-4c5f-aa8e-44d76ea8c72e,0,0,0,0,1,0,0,0,0
3db67ead-15e7-483a-b114-14b1c01c1ada,1,0,0,1,0,0,1,0,0
bc5f805b-9606-4f8e-9305-1a4a9acebf4c,1,0,0,0,0,0,1,0,0
bd1f41b2-ba2a-40ee-8cfc-f6edd0c5e6c0,1,1,0,0,0,0,1,0,0
1f0581dc-3a01-4191-a93c-2a18b81524b2,0,0,0,0,1,1,0,1,1
0bf6cdbc-b1a3-421c-9024-d3724b76d59b,0,0,0,0,1,1,0,0,1
885679f6-150c-4308-b6e2-b86f164727d2,0,0,0,0,1,0,0,1,1
a3d6a653-3a7e-49e7-990e-4124dd7c4c6d,0,0,0,0,1,0,0,0,0
356f0250-09f6-4778-8fc3-d04774b3918a,1,1,1,0,1,1,0,0,1
1848d83d-4053-4352-9347-53cd52439f1c,1,1,1,0,0,0,1,0,0
855d63ed-b438-4c5b-9feb-e4af06473246,1,0,0,0,1,1,0,0,1
30357a80-d8f2-4dd5-aa63-b254564dd740,1,1,0,0,1,0,0,0,1
0b5181e6-57f6-410a-98de-ce060a2b33f9,1,0,0,0,0,0,1,0,0
a7615a9f-db43-4c9f-a7e0-f1f0935b060b,0,0,1,0,1,1,0,0,1
86d2add4-dea1-4411-90ea-74dd4a1ab07f,0,0,0,0,1,0,0,0,1
29138e48-1755-4923-bc49-f546e25a312a,1,1,1,0,1,0,0,0,0
c873961e-0035-49bd-901b-cd8680fd9361,0,0,0,0,0,0,1,0,0
c7d80a41-0542-40da-9a02-1107999f573d,0,0,0,0,1,1,0,0,1
72672f0c-ac8a-47bb-a66f-506a4ca496de,1,0,0,0,0,0,1,0,0
caefb57f-00d2-4c54-a7ef-5b43ceb903bb,0,0,1,0,0,0,1,0,0
e69c6cc7-4bfe-47fe-b644-32e895cca641,0,0,0,0,1,0,0,0,1
3463f797-2b3e-45e1-8765-89af830cb39e,1,0,1,0,1,1,0,0,1
a6af61ad-5106-49c4-b60f-22ff8a4169f8,0,0,1,0,0,0,1,0,0
8e18425d-2103-47f6-a1d1-fe346f33390d,1,1,0,0,1,1,0,0,1
ff6e5b8a-7140-4f1b-af75-dbd3c0f24a65,0,0,1,0,0,0,0,0,0
cee7485e-30bd-4a79-9854-22bb8153ad39,0,0,0,1,0,0,0,0,1
f01d0175-9bf0-4a34-967d-9da7f5cb16fb,1,0,0,0,0,0,0,0,0
6fb0930e-6c2b-4e61-94a6-a0f47d143f4a,0,0,0,0,0,0,1,0,0
2a18de5b-8600-4430-9364-050f77f45d23,1,1,1,0,1,1,0,0,1
7e424e70-93ba-48d8-a46c-e40b5a3d2e5e,1,1,0,0,1,0,0,0,0
37e03371-ea33-4bd7-a94b-d23c170dd7dd,0,1,0,0,0,1,1,0,1
874d4035-f48a-4360-93ba-0ad5f2f93a86,0,0,1,0,0,0,1,0,0
7fd8152b-85c6-47db-a1fd-8e5bec49ce2e,0,0,0,0,0,0,0,0,0
a89c4ca0-c6ef-444a-9521-680a36f05596,0,0,0,0,1,1,0,0,1
f244900b-bdf3-46f6-8abc-869e67548dca,0,0,1,0,0,0,1,0,0
ed2fdf01-7eaf-4594-92a3-0b3df0fa479a,0,1,0,0,1,1,0,0,1
30aadf1e-9380-485a-af26-073d71c5636a,0,0,0,1,0,1,1,0,1
46eb3e30-1a85-4479-988e-837de506245c,0,0,0,0,1,1,0,0,1
ddb44c89-8fc6-4475-8fdb-accae7df5464,0,1,0,0,0,0,0,0,0
872a6ed1-fd69-4c5d-a815-f1c9b37342e1,0,1,1,0,1,0,0,0,0
85c26f5f-a0b5-4e99-a90f-77fc779c53cb,1,0,0,0,0,0,0,0,0
