9484ac61-0e30-4799-9998-6f74f4cbb204,1,1,1,1,1,1,0,1,1
55942d28-b6a2-4662-ab55-a66783a86a56,0,0,1,0,0,0,1,0,0
b71ed317-04cd-42f5-a380-d21dfea2bd36,1,0,1,0,0,0,1,0,0
5689b1b2-88cd-4c22-9114-0850ba539280,0,0,1,0,0,0,1,0,0
a0d9062e-f539-4043-bc9e-2a2ed589477b,1,1,1,1,1,1,0,0,1
79da254c-b13a-4f82-8a0a-732c4d1bca5f,0,0,0,1,0,1,0,0,1
9787f4bc-96d4-4f9a-9fed-753434d23d6e,0,0,1,0,0,1,0,0,1
4209b506-2b47-4430-a5f8-04c9218d5728,1,0,1,0,0,1,1,1,1
bb4f8bc5-6058-45a7-baa3-5c6b7bc6d386,1,1,0,1,0,1,0,1,1
10185a2f-dac9-4db7-8430-45f43dfdf8f0,0,0,1,0,0,0,1,0,0
5db928ac-0a74-4f5e-8bd7-31d87cfa211f,1,1,1,0,1,1,0,0,1
d8f2dd61-33d3-4d98-801c-f439f5f89523,0,0,0,0,0,0,1,1,0
dbf42088-95a6-4e67-b26f-38982501c069,1,0,1,0,0,1,1,1,0
505235ba-6519-4558-ac0f-fb8adf7e1307,1,1,1,1,1,1,0,1,1
a65b9069-f0b7-41d5-9ecb-392a674be59e,0,0,1,1,0,0,0,0,1
1aa264df-f5a6-4a52-ab2d-932ba94ceb7d,1,1,1,0,1,1,0,0,1
12b098ba-bae4-4283-902f-6ebce4a86524,0,1,1,1,1,1,0,0,1
e938c320-5ee0-4d0b-9235-b704af4fb167,1,1,1,1,0,1,0,0,1
38e3a702-8392-4a60-81f2-c5e20fb07515,1,0,0,0,0,0,1,1,0
9f791139-36bb-4b71-9f8d-24ecf330c918,0,0,0,1,0,1,0,0,1
5a2e3f60-3a0c-412d-ad13-e1cc83aaf793,0,1,1,1,1,1,0,0,1
457d20d3-a902-4701-8183-f753f72f05e0,0,0,1,0,1,1,0,0,1
7f6a75d9-b34f-4f6e-ab28-5f3e6bcedcc7,1,1,1,0,1,1,0,0,1
0cb5c029-2a37-4ef6-bdc8-1cc29431f9f7,1,0,1,0,0,0,1,1,0
4b2a5d23-f50f-42bc-a8a0-19971ba0db02,0,0,1,0,0,1,0,0,1
028241c5-50c4-4104-806f-5f3840296a5b,0,0,0,1,0,1,0,1,1
f866a248-65d8-4c5e-96fe-5fb089cfe596,1,1,1,1,1,1,0,1,1
58b463b0-aa59-492d-8f24-4614af761fba,1,1,1,1,0,1,1,1,1
6e53e6e5-4aeb-46f1-9dc5-3561777e2339,0,0,0,1,0,0,1,0,0
4d0429e0-925f-4d6c-9560-7d5a5ea08a70,1,1,1,0,1,1,0,0,1
31440f84-6bcb-41e5-9303-6c43f6d88c4a,1,1,1,0,0,1,0,1,1
bb870490-22b8-4dd1-b67f-d54cf8aa09ee,1,1,1,1,0,1,0,1,1
ad7f8746-fbb9-4f6f-92a6-0ffe518ff3a0,1,0,1,0,0,0,1,0,0
a3906650-a813-40d8-969d-774ab1de1ba4,1,0,1,0,0,0,1,1,0
3851a729-f066-4a50-b20d-d4db6fc28c64,0,0,1,0,1,1,0,0,1
7f793ed0-808b-419f-bf0a-1c66cdce26bf,0,0,1,1,0,1,0,0,1
deda05b5-0ac8-4b42-a839-2252f349a760,0,0,1,0,1,1,0,0,1
8dc62849-848e-4b85-8d55-b9c359855437,1,1,1,0,1,1,0,0,1
a2dc3eeb-d5b0-4a84-a0a4-58b6171ab715,0,0,1,0,0,0,1,0,0
b6391e71-271e-4415-a8f8-45628cd0304a,0,0,1,0,0,0,1,0,0
9093551c-35fc-4de2-95d6-70e74f8bd460,1,1,1,0,1,1,0,0,1
2ebfec90-3705-4855-a7db-be9a32ebe36d,0,1,1,0,1,1,0,0,1
54cc8e61-d84a-4340-8ae5-21600061ce68,0,1,1,1,0,1,0,0,1
60a4b745-76b0-4de3-af3d-2d238b3f0d60,1,0,0,0,0,0,1,1,0
4272f0cc-723f-41b1-b300-3bd68a1dfe65,0,0,0,1,0,0,0,0,0
8332e60f-025d-47a4-8a15-9f2345479fae,1,1,1,1,1,1,0,0,1
c74ba4ce-0d4a-4939-a741-e3f0819e177d,1,1,1,0,1,1,0,0,1
da960de8-c2ca-45a1-917b-628fd4490549,0,1,1,0,1,1,0,0,1
d0d94f6f-6246-4864-8bc8-1043500ad8d3,0,1,1,1,1,1,0,0,1
4004c4f2-4895-4690-b698-7d2065f68aa6,1,1,1,0,1,1,0,0,1
76be108f-b392-4213-884b-ca2deea21293,0,0,1,1,0,0,0,0,1
b2efa4c2-55a1-4eac-a655-77439deb8db2,0,0,1,0,1,0,0,0,1
98e4a90d-e6dc-4605-8396-c715485c79db,1,0,0,0,0,0,1,1,0
6df66eea-b9e2-421e-a172-7bafba74c650,0,0,0,1,0,0,0,0,0
7183d458-3a56-4518-b7db-52495a8e21eb,0,0,1,0,0,0,1,0,0
1adb8412-1e83-476a-92ed-3b210713fb19,0,0,0,0,0,0,1,0,0
3afd0a4c-48c5-4930-9dd1-b7ccad5fa151,0,0,0,1,0,0,0,0,1
16303eab-9498-49bd-9612-c645655e578a,1,0,1,0,0,0,1,1,0
e1956244-8e48-44a2-8263-ce90dfc3c8b8,1,1,1,0,1,1,0,0,1
a63eea62-7e40-4403-82db-5ae6b850dbd7,1,1,1,1,1,1,0,1,1
6848cabb-5e2e-416b-8acd-011060f00a29,0,0,1,0,0,0,1,0,0
dced63f1-af8e-4450-907f-6e1d4e2ab8fc,0,1,1,1,1,1,0,0,1
858f6af0-88ac-4954-b781-7d1b6447f4db,0,1,1,0,1,1,0,0,1
e76ccff5-9d80-4c5d-a789-9fd93bc040af,1,1,1,0,1,1,0,1,1
8a1b8c3d-0781-4522-bdb8-47d6e3bd968b,0,0,0,0,0,0,1,0,0
88e59e17-90f2-4a73-8687-92f6e7d1512d,0,0,1,0,1,0,0,0,0
aeb31158-5d01-4960-ad34-40fd48a93384,0,0,1,0,0,1,0,0,1
26119d97-b65e-494b-a2ea-b12e4ba4e5fd,1,1,1,1,1,1,0,1,1
6d87397a-91ee-433f-9765-74f711b0d725,1,1,1,0,0,1,0,1,1
76856f4d-4fcf-4130-82ee-7c02a532ae74,1,0,0,0,0,0,1,1,0
ea63cd48-7113-4421-bf7a-3f445c205976,1,0,1,0,0,0,1,0,0
6a74c7de-b086-4e7c-97c2-105764938e4c,0,1,1,0,1,1,0,0,1
220b676a-631f-4287-8746-b2eba4cc3223,1,1,1,1,1,1,0,0,1
5c815394-ce81-4693-98ce-22694f175d94,0,0,1,1,0,1,0,0,1
f3dbdf4b-c465-4e0d-8456-8670a5212647,1,1,1,0,1,1,0,1,1
db234803-0b37-473b-905f-6c9507d31b06,0,1,1,1,0,1,0,0,1
3c106838-c5c0-402f-93b6-4cd4c9dbe867,0,0,1,0,0,0,1,0,0
0372b6b2-ac3e-4474-9bd4-455ccb315ab6,1,1,1,1,0,1,0,1,1
3032dfa3-3c30-4a45-9ed7-83b61715b426,0,0,0,0,0,0,1,1,0
34871c34-a114-47f5-bff2-955062c6f515,1,1,1,1,1,1,0,0,1
649b4e67-1768-4335-bf59-5e8e56e8526f,0,1,1,0,0,1,0,0,1
fb5b1fb9-4662-4c73-a187-6060d16e58d9,1,1,1,0,1,1,0,0,1
9055e643-3fe0-445b-bd6f-efb58c81900a,0,0,1,1,1,1,0,0,1
7bea299a-b7f9-49d4-9bde-04c416ac7adb,0,0,0,1,0,0,0,0,1
8a585205-9141-4c10-b5da-63f11db9a497,1,1,0,1,0,1,0,1,1
2fb687ee-6058-46f1-aebf-880d5c121bc7,1,1,1,0,1,1,0,0,1
af237178-c348-42c6-84ba-b03a4ccf2a19,0,0,0,0,0,1,0,1,0
c2f730e1-b94b-4f27-be6f-38ad331c4b86,0,1,1,0,1,1,0,0,1
cbfbce39-8d35-45d0-b6b1-d92e9e1945a6,1,1,1,1,1,1,0,0,1
18348418-87dc-4745-9e67-8d2c557e7806,1,1,1,0,1,1,0,0,1
eb2fc926-3c31-4d5d-b75c-7988b6def582,0,0,1,1,0,1,0,0,1
f2058d08-8e86-4f19-b5fd-dcc10df4bc09,0,1,1,1,1,1,0,0,1
d57f1306-4bcb-4657-af20-a41970c309f3,0,0,0,0,0,0,1,1,0
f68bebc3-ed3f-4e1d-973f-bb97798415e6,0,0,1,0,0,0,1,0,0
362580b3-ec3d-4494-ad06-52e5eec1b0b2,1,1,1,0,1,1,0,0,1
a4e01726-0a40-40ad-a6ec-8d80e3f77fb7,1,1,1,0,1,1,1,1,1
3cada5c7-5c90-450d-8582-c1b4bad89246,0,0,1,0,0,0,1,0,0
6ca145f4-ebbe-48cc-99f0-41be83417c2a,1,1,1,0,1,1,0,0,1
8aae374a-fe42-4c99-a4f7-6ac93302f5e1,1,1,1,1,0,1,0,1,1
33153504-03cc-4fa4-95fd-3b33146f347f,0,0,1,0,0,0,1,0,0
fd2f278b-c6f6-4749-821a-7911ed96a2ce,1,0,1,0,1,1,0,0,1
3d579373-de3f-40ff-8e72-cf8d6ec99ca1,1,1,1,0,0,1,0,0,1
698dae38-8213-4709-9053-89c2c95a7430,0,0,0,1,0,0,0,0,0
a02a806c-2385-41df-99f2-228b502eb918,1,1,1,1,1,1,0,0,1
b6e28f2a-396b-4a66-afec-763496006024,1,1,1,0,1,1,0,0,1
88f83923-7f91-4955-aee1-6beca9e2047f,1,1,1,1,1,1,0,0,1
ccca5aa6-371b-429c-931a-1463900c891e,0,0,0,1,0,0,0,0,0
36557a8c-fce3-41e9-8596-122446c5506c,1,1,1,1,1,1,0,1,1
12d6f0c0-556d-4e13-8b8b-c4e108e1fb6d,0,0,0,0,0,0,1,1,0
f6c5239f-c35e-47ef-aab8-86bb8aaea830,0,1,1,1,0,1,0,0,1
fd2e3b50-f9e0-49d3-b426-253eecc8a53b,0,0,0,0,0,0,1,0,0
62d2e33d-e1b1-43f4-956f-c9d069eaac66,1,1,1,1,1,1,1,1,1
ee5702b8-049d-4519-bbcf-04592a484668,0,0,0,1,0,0,0,0,1
5bc1e299-a7c4-4bac-9867-b9d3e9611a4a,0,1,1,0,1,1,0,0,1
5ea8155d-51ab-4204-9f53-38c3d7509c4a,0,1,1,1,1,1,0,0,1
98a21923-6825-40e3-803f-4e6e1207bf9c,0,0,1,0,1,1,0,0,1
54d720cc-e41d-4691-968c-860d245ac1a6,1,0,1,0,0,0,1,1,0
8a552a7c-33da-4cfa-9e18-f4ec6c4c4521,0,0,0,0,0,0,1,0,0
9980357c-b522-4e72-86b9-baaaf80a22ac,1,0,0,0,0,0,1,1,0
d31d460b-e16d-464b-a4e6-2a8cd44ed878,0,1,1,1,1,1,0,0,1
e1f41301-bc61-46fe-89c8-bec1f1bec4e4,1,0,1,0,0,1,1,1,0
466e1788-d356-463e-8803-f500b2c2e673,1,1,1,0,1,1,0,1,1
eb69b9c4-3a39-4ee8-abfe-b0c51051045b,1,1,1,1,0,1,1,1,1
70ea7435-22fc-421a-9586-822873517564,0,1,1,0,1,1,0,0,1
22e17c85-fd9b-4dc3-b373-d0b06dbe0a16,0,0,1,1,1,1,0,0,1
6e94921a-52d6-426f-8c26-1d303a5b7761,1,1,1,0,0,1,1,1,0
ec2ceb77-4a34-4bed-b79f-1a7cf9ff15d0,0,1,1,0,1,1,0,0,1
742a0e19-6625-464f-bbde-fb15bce32a57,0,0,1,0,0,0,1,0,0
78f934a4-9526-4830-aadf-041d716b100b,0,0,1,0,0,0,1,0,0
611db43c-f93a-48b7-a827-7272f42a4cfa,0,0,0,1,0,0,0,1,0
bf48b60a-7adc-46e7-a26e-5829f175e0e8,0,1,1,1,1,1,0,0,1
1a44eedf-fd16-4ab4-a2a1-9d6097d9091e,1,1,1,1,1,1,0,1,1
e1b0cd3a-a4bc-4e8c-a711-03a1dd90068f,0,0,1,0,1,0,0,0,1
f1f09897-6324-4802-826c-58ee8d63fc3b,1,0,1,0,0,0,1,0,0
1a3d8104-de55-4245-b401-76eba4230941,1,0,0,0,0,0,1,1,0
9416b2f2-6978-4cad-9494-214363adb6df,1,0,0,0,0,1,1,1,0
f7015172-c12a-412e-82a3-506cd15ed351,0,1,1,0,0,1,0,0,1
8eba7a03-82a0-4025-aead-7c1cf5294c96,0,0,1,0,0,1,0,0,1
0b4eb86b-14ac-439b-b565-390457499602,0,0,1,0,0,0,1,0,0
d5f87b37-78a1-4f91-a829-74da78215cf0,0,1,1,1,1,1,0,0,1
ab8d6cdb-f24d-4eb8-85e4-b9f5d768c002,0,0,0,1,0,0,1,0,0
c26bdee2-5cb6-474d-8232-7e8bf08bb281,1,1,1,1,0,1,1,1,1
28a26593-21da-4899-a6fe-823a4dbea4f2,0,0,0,1,0,0,0,0,0
bad58b6b-0265-4b42-9896-874192d8e0da,0,0,1,0,0,1,0,0,0
94b692a6-321b-4fe6-aaba-e8e56bb845f6,0,1,1,1,1,1,0,0,1
5ebda319-80df-4d76-8c6e-2ec6b9fdaf12,0,1,1,1,0,1,0,0,1
8ae3bb31-c126-4a76-95a7-a936b00b7861,0,0,1,0,0,0,0,0,0
7d07c448-91a1-4d7d-908c-6d60ac1a7d25,0,0,0,0,0,0,1,1,0
ee65826c-2589-4295-963b-16af5d0bf283,0,0,1,1,0,1,0,0,1
4a755669-fb3f-4539-87d7-bd9251fbc223,0,0,0,1,0,0,0,1,1
f49fce9b-e329-4824-af28-ae9cce667a55,0,1,1,0,1,1,0,0,1
29231995-7618-4e41-a72f-d4ba19a0c42b,0,0,1,0,1,0,0,0,1
ce67571e-efad-4a07-9dd0-65d9324ede34,0,0,0,1,0,0,0,1,0
89520783-9c88-4c88-bccd-735f2b57d717,0,0,1,1,0,1,0,0,1
4596bc0d-88d3-4a52-9d91-dabed24aaa8b,1,0,1,0,0,0,1,1,0
7a6347f0-fc8c-483a-8675-ed4d59b634b1,1,1,1,1,1,1,0,0,1
3a74fec5-268d-475b-9e4b-f34c249d74a1,0,0,1,0,0,1,0,0,1
f80602e8-6446-40b5-9b18-4c3eb76d8402,1,1,1,1,1,1,0,1,1
16612d90-57e0-4504-b7f4-2979f56d13ab,1,0,1,0,0,0,1,1,0
9f9e9649-3b28-4547-a40a-f6f771679ffd,1,1,1,1,0,1,0,1,1
6ed22348-740f-47cf-9fb3-cdd46b953a8d,1,0,0,0,0,0,1,1,0
314f9cce-9ea3-47d6-947c-4aeec5ea6b7b,1,0,0,0,0,0,1,1,0
c19e7f9d-d266-4014-b37f-4aa97d925ed7,0,0,1,0,1,0,0,0,1
48ede13e-c783-42a2-a95b-8abc02c24cea,0,0,0,1,0,0,0,1,0
9507db4a-cbeb-4ab2-ad25-e481cfae645d,0,1,1,1,1,1,0,0,1
1e4d5254-1121-489d-aecc-30e5bfe7b282,0,0,0,1,0,0,1,0,0
a28b5011-3592-4772-a34c-f8a92ccbb6f9,0,0,0,1,0,0,0,0,1
a6118302-d8b8-464a-90f9-2a44463b3f4c,0,0,1,0,1,0,0,0,1
2f8b8f62-eec6-4473-afe3-0fa4befe7fce,1,1,1,0,1,1,0,1,1
7521f671-c5e3-4dae-b284-a77cf198cde0,0,0,1,1,0,1,0,0,1
6470503b-6cb4-428d-ba76-a645cad4435b,0,1,1,1,1,1,0,0,1
cbae2bb9-8e20-416c-ac78-d8b91f7528d4,1,1,1,1,1,1,0,1,1
cdc92986-e32f-46f1-b9bd-0156b033cfdc,0,0,1,0,0,0,1,0,0
5451154b-04da-4968-bb5e-2bf00d6bf625,1,1,1,0,1,1,0,0,1
60806135-c6d2-4381-ac8e-e09b2044d618,0,0,0,1,0,1,0,1,1
355a4e74-7571-4ec6-a61c-7ccfaea9abe5,0,0,1,0,0,0,1,0,0
a8a2d2ed-88dd-4d8b-b276-138f8ed9f8a1,0,0,0,0,0,0,0,1,0
7d35745e-b20d-47ec-9182-c8656b8860dc,0,1,1,1,1,1,0,0,1
7b9fcd05-2ee0-40a4-a299-3f950a4e2f19,0,0,0,0,0,0,1,1,0
e40a3d21-bd87-47d6-966d-b66998d6db82,1,0,1,0,0,0,1,0,0
a257ab39-c318-4112-82a2-c092f38ca1cc,0,1,1,1,1,1,0,0,1
9d3b843d-46d3-4f22-943f-252c3298869d,1,1,1,0,1,1,0,0,1
c02b0df6-23d0-4eb4-a87c-4f29d929fa6a,0,1,1,1,0,1,0,0,1
50ee51f4-be2e-4e82-9a37-a25605d5288a,0,0,1,0,0,0,1,0,0
2ddfc645-117f-4a59-86d3-878810985a86,1,1,1,0,0,1,0,1,1
5829ad87-cbc1-4f4b-ac6b-e843db905cf7,0,1,1,1,1,1,0,0,1
d8f413c1-8f87-4fdf-8660-928e9a2bf305,1,1,1,1,1,1,0,0,1
4bd07156-ba76-48e0-b096-cbd9347b8ba5,1,0,0,0,0,1,1,1,0
52b3d196-f9d3-4281-a544-8a2b76b9ca18,0,0,0,0,0,0,1,1,0
03ad9717-d50b-48e5-a593-9d10fa14ee21,0,1,1,0,0,1,0,0,1
c522401a-9ea0-40a1-a791-406ee39a3c2e,1,0,1,0,0,0,1,0,0
8789021b-5758-4c48-80d3-c93e25cbd685,0,1,1,1,1,1,0,0,1
ad9c00df-35e2-4d4b-9a5a-637a338328cb,1,1,1,0,1,1,0,0,1
d00f79be-22d8-4e16-b678-1db407ccc2ed,1,1,1,0,1,1,0,0,1
62f8dedc-452a-40d1-af4c-eb9626579676,1,1,1,0,0,1,0,0,0
67e499c7-cd43-4c20-af4a-b3c79c119efa,0,0,0,1,0,0,0,0,0
78b2fc47-31d0-44ae-82c3-472679e4abf1,1,1,1,1,1,1,0,0,1
133474ed-6be1-41f6-8c50-691848dba6e3,0,1,1,0,1,1,0,0,1
39d68a81-1d62-4ca6-b916-794dadbe8741,1,1,1,0,1,1,0,0,1
2bdbaa86-2204-4494-8c19-517751d0d341,0,0,1,0,0,0,1,0,0
73f92e64-b937-4cb3-b2f3-82e9e56a0908,1,1,0,1,0,1,0,1,1
219aa39f-3d8e-4ced-a46a-5282a02088c6,0,0,0,0,0,0,0,0,0
b6d2868e-627d-4e36-ab43-4f621adcf1bf,0,1,1,1,1,1,0,0,1
3398f966-63bf-42e4-8890-099bf433c32f,0,0,0,0,0,0,1,1,0
a7695219-9d94-4612-990b-0481ca7c86b2,0,0,0,1,0,1,0,0,1
6200398a-1979-4e00-806a-302f1f4a8503,1,1,1,0,1,1,0,0,1
f5dd4e96-eb81-4588-97a5-d87e71493293,0,0,1,0,0,0,1,0,0
c3f4a74c-e999-49de-b6d5-bfcc2cb48931,1,1,1,0,0,1,0,0,1
73324625-ac20-4eda-98e2-b53327714ee5,0,0,1,1,0,1,0,0,1
d9d25dba-bbbb-4e00-bad4-be1c363252ab,0,0,0,0,0,0,1,1,0
8334a355-9246-4884-933b-1e63b4cd52b9,0,1,1,1,0,1,0,1,1
19e6a8f1-adfa-4383-afcd-900841c8306c,1,1,1,0,1,1,0,0,1
2efe5121-9bc7-47a0-a313-e95194e5e0d3,0,0,1,1,0,1,0,0,1
f5bf6dd6-b32b-43d8-bbf4-ad92cd797c7f,0,0,1,1,0,1,0,0,1
2c9bcf13-56e7-45a9-a51b-80723eebdf57,0,0,0,0,0,0,1,1,0
be6ad6f5-138d-4813-8991-720a6894dda1,0,0,0,1,0,0,0,0,0
fd3218fd-76ac-4a28-8878-52e6cfdb6c16,0,1,1,1,1,1,0,0,1
faa94100-e877-4ff9-854a-48c611007f8e,0,0,1,0,1,1,0,0,1
86fc47e2-8c4f-4d3a-a1eb-608ca92dc366,0,1,1,1,0,1,0,0,1
1464f460-7473-4bda-a5c5-da16077f71ac,0,0,0,1,0,1,0,1,1
c0018a0f-a37c-4a4b-98c0-108dcd875680,0,0,1,0,0,1,0,0,1
fa8f174c-33e9-4e97-a7d2-98c9f67d3153,1,1,1,0,1,1,0,0,1
a8ea890c-3910-4958-8d89-82ac6ff4c4e0,1,1,1,1,1,1,1,1,1
6fa9e460-d711-4715-bf74-42d552f3a853,0,0,0,1,0,1,0,0,1
731844be-6e99-4555-9b73-d7527bd507b9,1,0,1,0,1,1,0,0,0
06a97c40-f31c-4a81-8168-b21a8c19b9fd,1,0,1,0,0,1,1,0,0
0b2256e6-0daa-42c0-b63a-8995c5223762,1,1,1,0,1,1,1,1,1
db79227c-d5ae-4f10-a5bc-4b89f627feeb,0,0,0,0,0,0,1,0,0
311b993e-fe0c-466b-83d6-41228242c2d3,0,1,1,1,1,1,0,0,1
96bbffcb-27c3-47cc-8482-7637f2100d28,1,0,0,0,0,0,1,1,0
437f3e0a-5583-44a8-9868-46c7e8fa94d0,0,0,1,0,0,0,0,0,0
150d70d4-de91-4a2a-a4ae-9496f8d57046,0,0,1,1,0,1,0,0,1
522fb0ca-a906-4f90-94fa-381c798e3bc2,1,1,1,0,1,1,0,0,1
34327de8-d582-4ca9-8b46-4e3b842e985b,1,1,1,1,1,1,0,1,1
7206ed69-da18-4504-8c64-7b7f52d44918,0,1,1,0,1,1,0,0,1
af75e504-e8be-46f5-aa3a-d0ff57c9713b,0,0,0,0,0,0,1,0,0
cefa2c0c-fd45-438d-b4fa-ab876a29d0f8,0,0,1,0,1,1,0,0,1
8cb567fb-c637-4751-9a0f-5569a926bbfd,0,1,1,1,1,1,0,0,1
7cf82a7e-fad2-4537-93d6-084e08f3cd24,0,0,1,0,0,0,0,0,0
0dc64a88-6b5f-42df-9057-e2d23817576e,0,0,1,0,0,0,1,0,0
57fa694f-3f34-4b54-8066-4894c7f33a00,0,1,1,1,0,1,0,1,1
e6063528-c095-45f3-8766-2aeb3ff6f42d,0,0,1,0,1,0,0,0,1
4219d897-b032-48ff-8875-4e9e45cc329e,0,1,1,1,0,1,0,0,1
da06bcb6-1d59-4b6f-9f5f-8dfec64b97e8,0,0,1,1,0,1,0,0,1
21c3e22b-077b-4303-9d38-e9b8e2bc1f8c,0,0,0,1,0,0,0,1,1
7da2cf44-6db8-438c-806c-7d40d5f291d3,1,1,1,0,0,1,0,0,1
8d4291f8-56ad-4718-b35c-bb0ee937f4ad,0,0,1,1,0,1,0,1,1
5e72a451-7d7d-4a3a-aeaf-59cc54b0b792,0,1,0,1,0,1,0,1,1
008b8716-e9c5-4d34-9460-1c391f15471a,1,1,1,1,1,1,0,1,1
880af97d-e377-4005-b59e-4f9069d47b60,0,0,1,1,0,0,0,0,1
60a2fed8-dcc0-4061-a866-d6910de251c3,0,0,0,1,0,0,0,0,0
a865b355-001b-49cb-a60e-c0068eaf97ad,0,0,0,0,0,0,1,1,0
f78165c9-1a20-4d4a-b1ae-c27e647573ca,0,1,1,1,0,1,0,1,1
d5bfcfcb-d4b8-4de2-a72f-55d458bc2084,0,1,1,1,0,1,0,1,1
09a7d109-a989-4314-a3c7-73231436fadd,1,1,1,1,1,1,0,0,1
b25dc601-c6b2-4532-84c8-a0f1d6e7a0de,0,1,1,1,1,1,0,0,1
bbb4e065-b636-4bd6-8019-e1b261a00721,0,0,0,0,0,0,1,1,0
76b5e5ab-f265-48c5-9b4b-c42a4f646765,1,1,1,0,0,1,0,1,1
d5ca2e74-3ddf-489b-8402-d3278380b3cc,1,1,1,0,1,1,0,0,1
c25e1b8b-8786-487a-88d7-7601edce31b5,0,1,1,0,0,1,0,0,1
f806c6d2-5e8d-4850-a587-8d0e5d129322,1,1,1,1,1,1,0,1,1
15de6e81-e36a-4dc7-93e8-efa57026c17c,1,0,1,0,0,0,1,0,0
534120f4-8adf-4b9d-b388-18c97c3e3702,1,1,1,0,1,1,0,0,1
526da6d1-dcba-488e-a466-43efcdd0f384,0,0,0,1,0,0,0,0,0
ce8cbad2-879a-4f6f-a678-bbe5c3493e4f,0,0,1,0,1,0,0,0,1
435febd6-e3bb-4e2f-b19e-bf7576266b68,1,0,0,0,0,0,1,0,0
56cfdace-fb5b-490c-95c2-2bcee4fbb798,1,1,1,1,1,1,0,0,1
6b44bcfd-53d7-44ed-b4b2-aff854f4213b,0,0,0,0,0,0,1,0,0
93fe80f3-e86c-408c-84ca-dcd1dd727f01,1,0,1,0,1,1,0,0,1
9333413e-efa6-4be7-be6e-09aacbc1b8d2,1,1,1,1,1,1,0,0,1
7de728cd-a713-4acd-92f7-14fea4d58edf,1,1,1,0,1,1,0,0,1
0e5548ca-dad6-4420-b291-773fdae2eeb8,1,1,1,1,0,1,0,1,1
c9b27301-2978-445c-b0ff-d3769d204428,1,0,1,0,1,1,0,0,1
d06f72d3-5eb5-4c4b-89cc-c666ed9669ca,1,1,1,0,1,1,0,1,1
1d0e44ae-1329-4d31-b45b-c2ec7039f4d4,0,1,1,0,1,1,0,0,1
5b1b04f8-2bbe-42ec-8511-beb82c340431,1,1,1,1,0,1,0,1,1
769cd0a3-89d0-4775-98d1-5687f940b5c7,1,0,1,0,0,0,1,0,0
62c954d7-6e7b-4ae7-b360-72f0fa249fe3,0,0,1,0,0,0,1,0,0
da38622b-6cf2-4867-ac52-d016d7079728,0,1,0,1,0,1,0,1,1
17c8ec9d-e557-4d72-b733-3a4df47cf574,1,1,1,0,1,1,0,1,1
c13b4277-bb0f-4718-9382-85b0c9d52566,0,0,0,0,0,0,1,0,0
939b7351-e8a5-40ea-8f11-224dc43c409e,0,0,0,1,0,0,0,0,1
f047f9a9-e447-48ac-ada7-7bc99faafad6,0,1,1,1,1,1,0,0,1
8c2847c1-04ff-404e-a098-77b089f48c11,1,0,1,0,0,0,1,1,0
0fba4960-56d6-447d-8cdf-e336f0409efd,0,0,1,1,0,1,1,0,1
ce8d9be2-9415-4491-8df4-9f19de094c84,0,1,1,1,1,1,0,1,1
98a9459e-6063-4a7c-995e-937077e33f71,0,0,0,0,0,0,1,1,0
36043ce7-d082-4af3-a0c0-d772961ed808,1,1,1,0,1,1,0,0,1
0b81f38a-13c9-46f0-b891-559fabf496f3,0,1,1,0,1,1,0,0,1
5d067d51-4d01-400a-b9e1-47071af34740,0,0,1,0,0,0,0,0,0
82917ff0-e406-48b4-9b4c-aac290998992,1,1,1,0,1,1,0,0,1
82f9444e-3ccb-4a7d-a158-868445497cee,0,1,1,1,0,1,0,1,1
cb78dcd7-4d86-4b38-b015-a4e482467f06,0,0,1,1,0,1,0,0,1
1736194f-1da8-4e24-b53d-a45b4fb95642,0,1,1,1,0,1,0,0,1
0371c230-8d5a-4d22-806c-5ef3b50aa36d,1,1,1,0,1,1,0,0,1
08b050f8-fb14-4239-a5d0-65da26e9d62f,0,1,1,1,1,1,0,0,1
39657863-ae6a-4ae3-a389-1d8fed528624,0,1,1,1,1,1,0,0,1
8a161eb6-e7ac-4e47-9a36-fa4ea3603aaa,1,1,1,0,1,1,0,0,1
eb19a8a1-d7cb-40fc-9ec0-73865f40cc53,1,1,1,1,1,1,0,1,1
b93c3e00-2efb-4af2-8824-ef6c2e24d099,1,1,1,0,1,1,0,0,1
fdaefc0d-ce23-4354-af56-b2ba7bc1f067,0,0,0,1,0,1,0,1,1
552de7a9-3774-4e0c-af89-cde18d0453b1,1,1,1,1,0,1,0,1,1
103e0cc1-901f-4c20-b926-6dba6980a181,0,0,0,1,0,0,1,1,0
2f0dc739-e6bb-4d55-9259-717135c3fff9,0,0,0,1,0,0,0,0,0
0acc322b-d563-4a3a-8a8f-6b8f4216a6bf,1,1,1,1,0,1,0,1,1
01293987-fb91-4e1d-8dbc-3d1af71ec942,1,1,1,1,1,1,0,1,1
046dffb1-6c7c-4ada-8dec-480d45674438,1,1,1,1,1,1,0,1,1
21204e08-fdbe-4509-b8be-a92f841d708b,0,0,1,0,0,1,0,0,1
8094360d-4822-4cc5-afba-bca75720f584,1,1,1,0,0,1,0,1,1
8b5a3835-7eeb-4a40-b779-7f1fa6df6304,0,0,1,0,0,0,1,0,0
12b06dac-85ad-445c-abb0-5b95e8b03a34,0,1,1,0,1,1,0,0,1
bc113125-e551-4543-bb4f-af93e69b9d39,0,1,1,1,0,1,0,1,1
204b4128-0128-4626-9d6b-516fd9a69414,0,0,1,0,1,1,0,0,1
a6fd2277-d976-44fd-b153-3c1622de8b81,0,0,1,0,0,0,0,0,0
cc77fe20-aa20-4882-9e01-5be94241f1de,0,0,0,1,0,0,1,0,0
3d9124a9-e4b6-4dea-b6d1-118c211fd007,0,0,1,0,0,0,1,0,0
1166dab5-5410-4cf0-a22b-4f02ee67d8f5,0,1,1,0,0,1,0,0,1
9b5f3ab5-002f-422f-a023-f1fe2cac2275,0,0,1,0,1,1,0,0,1
2c1b2c96-1d57-4f02-ab96-20364cf9bda7,1,0,1,0,0,1,1,1,0
fe066a96-da7c-44e8-8f3b-3775b89efb5c,0,0,0,0,0,0,1,0,0
36f036ba-5166-4515-abf5-231d073d0621,0,1,1,1,0,1,0,1,1
bae6058b-14b3-424b-8fdc-6a9e10118ee0,0,0,1,1,0,0,0,0,0
d95e782d-ddf2-4064-a095-1008230a5631,0,0,1,0,1,1,0,0,1
bdb57c32-5113-47e8-bae4-3ae26b1951f1,0,0,0,0,0,0,1,1,0
fbc3bed9-2cdc-4794-b219-84fb6a8999e5,1,0,1,0,0,1,1,1,0
fcac0cf6-2435-41f1-9b3b-e19ecd5807bd,0,0,1,0,0,0,1,0,0
b29df06f-ca60-45ca-9a55-91a47bfd0d36,0,0,1,1,1,1,0,0,1
77e86d0c-5146-4215-8e97-bfb513008c6f,1,1,1,0,1,1,0,0,1
59525965-fa53-41f9-8bbc-ad8ab2273fdc,1,1,0,1,0,1,0,1,1
4e066224-ee74-45fa-8e40-12f04c59982b,0,0,0,1,0,0,1,0,0
cb527ca6-e941-4e87-a992-0244071b8c76,1,1,1,1,1,1,0,0,1
ed6c6208-24d0-44eb-98a2-a52d0e3a67ca,1,0,1,0,0,0,1,0,0
23625391-989c-41cb-84c5-c71ec6c1f9be,0,0,0,1,0,1,0,0,1
417a8a60-0814-4e63-a3a0-990566784fdb,0,0,1,0,1,1,0,0,1
8c261270-f285-4fc2-ba5f-ef8b51cf5124,1,1,1,1,0,1,0,1,1
39d6c66c-79c3-4641-bf09-57c61d29bdde,1,1,1,1,1,1,0,1,1
f1736cb1-88b3-47f9-8060-e0c0304f520b,0,0,0,1,0,0,0,0,0
3cf8dba0-e58a-4fdf-886d-1a33ecc8e0ff,0,1,1,1,1,1,0,0,1
c1f0a368-c1cc-4c43-8196-1434cc3ffdc6,0,1,1,1,1,1,0,0,1
60f79af7-16e3-476f-b58c-3ada44335199,0,1,1,1,1,1,0,0,1
57789a87-e09d-4259-a997-ad72745b40bf,0,1,1,0,1,1,0,0,1
59342169-43b9-44dc-b084-b806f8109229,1,1,1,0,1,1,0,0,1
d3d9ddd2-e8cb-407b-a0bc-8ca0b45fe4f7,1,1,1,0,1,1,0,0,1
feb068f6-b3c7-4407-bba5-a70306229d9a,0,0,1,0,1,1,0,0,1
5f62e67f-b12c-4e5e-932d-39addca21603,0,0,0,1,0,0,1,1,0
e1cd82fd-5ccd-4e4e-9544-052725f4ad96,1,1,1,0,1,1,0,0,1
e13b6efb-d590-4678-bf43-0710f1bcf152,0,1,1,0,1,1,0,0,1
f514a182-d81b-41aa-b35f-49ebd23a195e,0,0,1,1,1,1,0,0,1
bcc91b82-d3c4-44c2-b677-444c422c03c7,0,0,0,0,0,0,1,0,0
57ed1eec-8efb-4278-b245-fb0ce76d6d58,0,0,1,0,1,0,0,0,1
820e9846-3969-46e4-a40d-a4e86ebf55e9,1,1,1,1,1,1,0,0,1
5d251aad-6b78-4306-b292-41bd0061d834,0,0,1,0,1,1,0,0,1
bdd2fcf2-898d-4bef-8e9e-b4b38db1ef3e,0,1,1,0,1,1,0,0,1
9226c8bc-d00c-4dff-9ca9-9f5218504dd4,1,1,1,0,1,1,0,0,1
016b5ded-9c65-4530-a2cd-d59ff09ade87,0,1,1,0,0,1,0,0,1
d579fb24-e9ae-4b93-a177-08aef30419cd,0,0,0,1,0,1,0,1,1
7e2f2beb-155a-4e5e-8f6a-8547e1297d71,0,1,1,1,1,1,0,0,1
da28d5be-cf9a-49e1-9149-db3661522e82,0,1,1,0,0,1,0,0,1
f2344aa6-8bce-4bef-85c5-36398a8639cd,0,0,0,1,0,1,0,1,1
baaa7169-d49a-46a3-bcda-c481fe87db7e,0,0,1,0,1,1,0,0,1
59d69e1e-4444-4e27-b920-5f903342dae9,0,0,0,0,0,0,1,0,0
85b995a6-baf0-4be6-8e75-34abdc833519,0,0,0,0,0,0,1,1,0
52c96e9f-6db1-4028-904b-01df4de0939b,1,1,0,0,0,1,0,1,1
3cb0014b-4f06-4fbb-adc8-7d26d23569f0,1,0,1,0,0,0,1,0,0
48292802-6c6e-41f1-935c-39719042852b,0,0,0,0,0,0,1,0,0
b3b4850b-ce95-4dae-9341-9911899b396e,0,1,1,1,0,1,0,1,1
8be463a8-3804-4e32-bcb8-05dfe4e4f614,1,0,1,0,0,0,1,0,0
8e027091-92c5-4276-97df-0251a49cd086,1,1,1,0,1,1,0,0,1
49570691-d2ab-4bf7-acc5-d5b03d2f0819,0,1,1,1,1,1,0,0,1
af787d6a-7ac0-4d0c-81e2-bab5257a08ff,1,1,1,0,0,1,0,1,1
b11d19fc-57d2-4385-a6a2-bd43beb95c28,0,0,1,0,0,0,1,0,0
4b60886d-03c2-42df-acfd-8548adad73d4,1,1,1,1,1,1,0,1,1
53ed5b68-4a63-4e4b-a8fd-741487ec37dd,0,0,0,1,0,1,0,0,1
602b3c13-7b22-492a-acd2-53e23f282b91,0,0,0,0,0,0,1,0,0
0d82f85d-fd60-405a-82a0-97f444c7aaf4,0,1,1,0,0,1,0,0,1
1821645d-79c6-4ca2-9260-fd4de89aa248,1,1,1,1,1,1,0,0,1
78764da6-f01b-47b7-b989-69b17ebafd5a,0,1,1,1,1,1,0,0,1
eb956529-3376-4c1b-b246-41a88212b8cf,0,0,1,0,0,0,1,0,0
2d0be13b-91aa-4dd9-93f5-756d149a01cf,0,1,1,1,0,1,0,0,1
13a1b262-bad8-4e4e-b8f4-204dbd0070d4,0,0,1,1,0,0,0,0,1
abbe57e5-baad-4309-806c-3f19e4fbe352,0,0,0,1,0,1,0,1,1
1f91e3e8-392a-4694-b0e6-2907b6300fd2,1,1,1,1,1,1,0,1,1
23138dab-fd5a-4aa4-add0-393353987175,1,1,1,0,1,1,0,1,1
bd164373-3ac3-45bb-a388-78c8a2fc7e26,0,0,1,1,0,1,0,0,1
9d8a50c9-575c-4e49-9a20-f327414ec6f4,1,1,1,0,1,1,0,0,1
3cbdc1c2-3b4d-4568-835c-a2f5a75a7f4d,0,0,0,0,0,0,1,0,0
e3a44263-5de7-4599-9669-ce2e2ddb1044,0,1,1,1,0,1,0,0,1
afa6b496-732d-468d-ad60-bea54a23083f,0,0,0,1,0,0,0,1,0
96aefa88-655a-4a6e-b950-ce0253043551,1,1,1,0,1,1,0,0,1
d1d7a901-3134-4895-ba2a-577750ec5915,0,0,0,1,0,0,0,0,0
49a8c873-b8a9-4967-9834-141ad5a0c766,1,1,1,0,0,1,1,1,1
290a7a1a-516f-4bf7-bc84-946bb1826ffc,1,1,1,0,1,1,0,0,1
7b2c8ea4-a641-44cb-90a4-df8140ba3017,1,1,1,0,1,1,0,0,1
f3ec9edd-728c-4725-b58f-f8af0054c7ac,1,0,1,0,0,0,1,0,0
c3f3ae0b-ad74-4ca3-b441-84244ae96927,1,1,1,1,1,1,0,1,1
843f9b37-90f0-4cf6-b12d-813670c21999,0,0,0,0,0,0,1,1,0
522de690-d342-489c-b4ca-6ae2caf93e49,1,1,1,0,1,1,0,0,1
13e72f93-f9b4-4d93-adc8-11283d6af93a,0,0,0,1,0,1,0,0,1
5ba48b48-b6ed-4b08-a383-497ea214e411,0,0,0,0,0,0,1,0,0
cdbb88c8-18cd-4d2a-9725-5b3363db7881,1,1,1,0,1,1,0,0,1
35fab17a-1cfb-46ea-8e49-3f652209a4fc,0,1,1,1,1,1,0,0,1
93d30948-2b98-4037-b7ce-58fa22eb9282,0,0,1,0,0,0,0,0,0
5801ce72-fd24-4ebc-a22e-d686846f4694,0,1,1,1,1,1,0,0,1
35d0d596-521e-4f2c-934b-272eacc5ffd4,1,1,1,1,1,1,0,1,1
d666392a-dca2-47be-85fd-c961e7fe2937,0,1,1,0,1,1,0,0,1
6692763c-cdb1-4c84-87ba-e9b3c95b7839,1,1,1,0,0,1,0,1,1
4d87fba2-bc69-495e-847f-34a526afc2e6,1,1,1,0,0,1,1,1,0
46f419ff-1203-466a-9417-13edae8357d9,0,1,1,0,1,1,0,0,1
de2faf4c-6edc-457a-9218-6002600f224e,0,0,1,0,0,0,1,0,0
6b36ee91-80d2-476c-9cb5-da29ba67967d,0,0,0,0,0,0,1,1,0
1d3437e9-f3b4-4e1f-bdbc-d2a383360622,1,0,1,0,1,1,0,0,1
02861fc8-7181-4eb3-8733-6cf5ed3a3a36,1,1,1,0,1,1,0,1,1
f318f794-15f5-4de1-9c78-4376e2cefaa5,1,1,1,1,1,1,0,1,1
fdfa21ef-4669-4d54-a56b-a5db2d7efe18,0,0,1,1,0,1,0,0,1
1b313559-ec65-4f7d-adb5-be7d7e3338bf,0,1,1,0,1,1,0,0,1
ced47ad8-b27f-4662-b670-8f353f84e664,0,1,1,1,1,1,0,0,1
edcf165d-47b3-4a2a-a0a9-1b54201eb030,0,1,1,1,0,1,0,1,1
5d47ecbb-7de0-42e8-9324-2e9f12267d2b,1,1,0,0,0,1,0,1,1
3315b344-8a7d-4788-9f93-e2cffcdb60fd,1,1,1,1,1,1,0,0,1
162131e5-b9a6-4098-ad39-79a078e3ab4d,0,0,1,0,0,0,1,0,0
db1b6975-b0b1-453f-ba34-a971430350cf,0,1,1,1,1,1,0,0,1
228cb6e0-2807-47a6-9bd1-6f405dac9140,0,0,0,1,0,1,0,1,1
6768b2cf-4574-48c9-98d8-43d691c3f316,0,1,1,0,0,1,0,0,1
8dd7c1fd-4948-40d7-b45f-4d4c64463cb8,1,1,1,0,0,1,1,1,1
c969f945-5471-471c-b43b-fb2b564a6cc3,0,1,0,1,0,1,0,1,1
776b5e24-dcff-4bd1-b6f2-ddb5203097b1,0,0,1,0,0,1,0,0,1
2e14d6e8-8643-473c-bcdc-25e4dd8e8407,0,0,0,1,0,0,0,0,1
83bb2154-58ee-4f51-a699-9a15b5b5c5c3,1,1,1,0,1,1,0,0,1
7ba546d9-c775-4804-97fd-f69adc3165e6,1,1,1,0,0,1,1,1,0
b1073bfa-e35d-4fe4-8304-33c92c5e93e4,0,0,0,0,0,0,1,1,0
275948f5-6f66-44aa-bdcd-4803e937454f,1,0,1,0,0,0,1,0,0
a1ebdffa-2fd6-4b7a-b01b-b3f6b22182e5,0,0,0,0,0,0,1,0,0
fa8568dd-0039-4a5b-9bca-4d4780e93d70,0,0,0,0,0,0,1,0,0
62db852e-4e3c-48ad-9bed-3e090b9d243b,1,1,1,0,0,1,0,0,0
c2ffb271-e454-442a-8fd1-f6bffc22e109,0,0,0,0,0,0,1,0,0
25f862e6-b7c0-4bef-b9e1-ca0a5205fd09,0,1,1,1,0,1,0,0,1
59811504-49ff-48ae-af4a-de24d0ae9661,0,1,1,1,1,1,0,0,1
60d8beba-468d-4632-86ba-815f6d0133a1,0,0,0,0,0,0,1,1,0
4470224e-6640-4037-b0b1-3aa450d18372,0,0,0,1,0,0,1,1,0
eec8d9fd-4e83-460f-922a-e8ef663f9ea6,1,1,1,1,1,1,1,0,1
e74d8200-fd9e-4287-b694-d6b05858510a,1,0,0,0,0,0,1,0,0
a188ba7e-1f8c-4a07-834f-92bd8b44eb84,1,1,1,0,1,1,0,0,1
39f9fb88-2af2-4f80-bf5c-88127b953877,0,0,1,0,0,0,1,0,0
e47c3d51-6c8f-45f6-9640-efd6bf954a49,0,0,0,0,0,0,1,0,0
b8be88b1-a0d8-4e2b-a804-010ffe74fb06,0,0,1,0,0,0,1,0,0
e28f6f44-d4e4-40fe-bf9e-defbb91f658e,0,0,0,0,0,1,0,1,0
43d3ba55-6b18-42a1-b688-213e6377cf90,0,1,1,1,0,1,0,0,1
1ab44482-aa86-4e2d-9ebd-71df779979f4,0,1,1,1,0,1,0,1,1
7018371f-88aa-47fd-8e31-66ea7a3c2205,0,0,1,0,0,0,1,0,0
5ca837b7-bb3d-46a2-89a5-08c52f716169,0,0,1,0,0,1,0,0,1
0d8bef3e-c925-40a9-9eea-98aa70741915,0,0,0,1,0,0,0,0,1
d7cf4404-0bc6-4275-9869-9ebd11273d7c,0,0,1,1,0,0,0,0,0
b5152daa-b5b2-4651-8a11-d437e0344f42,0,0,1,0,0,0,1,0,0
25c0fc70-9e5c-414f-8b44-a0dcb021f3c6,1,1,1,0,1,1,0,1,1
bcd08127-8044-42f2-adaf-dc658b1aead7,0,0,1,0,1,1,0,0,1
dd3fad98-cb62-4048-beba-c4929a41dd71,1,1,1,1,1,1,0,0,1
80f83334-7d90-4aef-bd13-6b5f24c14b2b,1,0,0,0,0,0,1,1,0
abf5cb68-9ec7-417f-8388-d4de421eb2f7,0,1,0,1,0,1,0,1,1
92703bf2-4941-4598-924b-fa5165c032ff,1,1,1,1,1,1,0,1,1
599487de-d8f1-4854-91fa-a7002007d468,1,0,0,0,0,0,1,1,0
da71d1ea-5857-4e50-9a9e-147a11d38655,0,1,1,1,0,1,0,0,1
eddcfafd-187b-4efc-a50a-d28f310097dc,0,0,1,1,0,1,0,0,1
274a3a31-6f3c-4638-8138-ccdacb991438,1,0,1,0,0,0,1,1,0
9824de6c-a75b-4f63-b908-74ed6e8db6b1,1,1,1,1,1,1,0,1,1
6f392fa1-56ac-4684-8756-cee41bc0881a,1,1,1,0,1,1,0,1,1
6b8241a7-b9f9-4a7c-bdbd-e0ee694c4797,0,0,1,0,1,1,0,0,1
6b097424-60fb-422e-8c92-4ed84887df7b,0,0,0,0,0,0,0,1,0
f6a6d79d-644e-4543-a226-ba9ed665c008,0,0,0,1,0,0,0,1,0
e6e514b0-5733-4908-99a9-ce4cb5ce8579,0,0,0,1,0,1,0,0,1
3e2c238f-42d7-47e4-8561-ce88f6409d70,1,0,1,0,0,0,1,0,0
f20180f9-92d3-41f4-bb4c-5150a032af58,0,0,0,1,0,0,0,0,1
4f2b915d-09d3-4c7d-9528-5bd77947c1f2,0,0,0,0,0,0,1,0,0
0fb53203-c88d-4d40-8e5e-ba0b263d045f,0,0,0,1,0,0,0,1,0
8955faec-9bfe-4e9b-8121-45863cd44233,0,1,1,1,0,1,0,1,1
62ebdbca-6be7-40ba-8ce2-183e346a9325,1,1,1,0,1,1,0,0,1
11526c97-f957-4a23-801f-8afdb45b7adb,0,0,0,1,0,0,0,0,0
27638ef8-157d-458b-bfa5-030949dddb8e,1,1,1,0,1,1,0,0,1
b94d616d-fe3d-4f54-b588-c7b70abd35ff,0,0,0,1,0,0,0,1,0
8eba3c2b-b5f0-4492-9aa3-82b36b575554,1,1,1,1,1,1,0,1,1
840e7cdc-9e01-4f41-9345-ead1c0db311b,0,0,0,1,0,0,0,0,0
545c55c9-8bbf-429a-94c2-0c2728772a83,1,0,1,0,0,0,1,1,0
3474c7f5-6e55-4e71-92a5-ce6f6a5f7b60,1,1,1,0,1,1,0,0,1
1190d753-0984-4474-9105-513443ae7a6b,0,0,0,1,0,0,0,0,0
e0b6c889-0118-4416-8835-1b07e5c8515f,0,1,1,1,0,1,0,0,1
c61a9d38-d570-4459-b5e0-27de48593641,0,0,1,0,1,1,0,0,1
e1e0b046-8016-415e-8796-ef127e0844ec,0,0,0,0,0,0,1,1,0
17365bd4-a4d6-4fd9-886d-a245f4dc6b7c,0,1,1,1,0,1,0,0,1
83bcbcf2-9e1a-47fd-8d24-133fa10ccd7a,0,1,0,1,0,1,0,1,1
93e211c8-0fe4-425d-a745-81b3473e67eb,0,1,1,1,0,1,0,1,1
36d3004b-bb6e-4962-a44c-fd58c8309094,0,1,0,1,0,1,0,1,1
37fff5ac-5faf-499e-b307-116d4ed38547,1,1,1,0,0,1,1,0,0
e8f30c7c-f193-4969-9df2-be0e0f35372f,0,0,1,0,1,1,0,0,1
cbfeacfb-45f8-46b7-98fb-9b4dee3b07dc,0,0,0,0,0,0,1,1,0
c68fb7c9-089d-4aff-8e4f-4806b326023d,0,0,1,1,1,1,0,0,1
171e4a80-0422-454e-ab73-44af54db280b,0,0,0,1,0,1,0,1,1
8c2c312c-b10b-489a-8737-d1c6d8340b98,1,1,1,0,1,1,0,0,1
74f295ce-8f2e-4223-a10b-67527838fd4e,1,0,0,1,0,1,0,1,1
9e80d571-d019-4471-8c98-5a9a6fca29d7,1,1,1,0,1,1,0,0,1
ac9aaa09-9b9e-4845-b725-7eb010b7b21c,0,0,0,1,0,1,0,0,1
92e83959-37d9-4fc0-a0ff-7fbcf920e8e4,1,1,1,1,0,1,1,1,1
49bb3c24-c33b-41cd-aecd-80267201316f,0,1,1,0,0,1,0,0,1
735140db-a185-45be-891c-e685de86b5fa,1,0,0,1,0,1,1,1,0
91a61fa3-d991-455c-8f57-73865c3ba4b7,0,0,0,1,0,1,0,1,1
f60af777-0d38-4a12-b88f-b5552a680e04,1,1,1,0,1,1,0,0,1
49ea2ee0-d71a-422b-9026-dcfe271b2c9a,0,0,0,0,0,0,0,0,0
f5e73b92-8fc1-4f9c-8458-51be95207fe1,0,0,0,0,0,0,1,1,0
de4850c8-6c6d-4577-8734-e1022167a714,0,1,1,0,1,1,0,0,1
52f5e3d5-be17-4087-93e3-59defa42d0ef,0,0,1,0,0,0,0,0,0
35aaf787-0b83-4f7a-a9b4-e504ab5f8226,1,1,1,0,1,1,0,0,1
6ed4dc49-d7ff-444a-8f96-3eed5d10c9e0,1,1,1,1,1,1,1,1,1
84a71f86-28e2-47af-9243-eff6312f2fe0,0,0,0,0,0,0,1,0,0
d4fb6362-5a7f-42a1-812d-4a45f81941aa,0,0,0,1,0,0,0,0,0
d30c1278-900c-4de5-8752-943f20f472d2,0,1,1,0,1,1,0,0,1
e648fca8-aaf4-41e1-82e9-b16bdc26d7bf,1,1,1,1,1,1,0,0,1
74b8c54f-4566-4ec9-ab7a-b523775b8851,1,0,1,0,0,0,1,0,0
4cf6c126-c7d5-4d23-b69e-f1bf4da1138b,1,1,1,1,1,1,0,1,1
3ea625fd-9652-4fc3-b69f-1ca1dd9615ac,0,0,0,1,0,0,0,0,1
a7b188b2-cf74-45e4-a40c-89d38147fd5b,1,1,1,0,1,1,0,1,1
7e03c7b2-ae6c-4a8b-ae9c-085deacb95e5,1,0,0,0,0,0,1,1,0
6c98ee58-4c6b-4532-b7b5-47c0b4526660,0,1,1,1,0,1,0,1,1
766203ac-7c2f-4be5-8fec-13a28b8d2637,1,1,1,0,1,1,0,0,1
3bab82bc-8a44-4687-bc74-1c60892946d3,1,1,1,0,1,1,0,0,1
477fdabb-9b68-4154-9747-3b4191df7e73,1,1,1,0,0,1,0,1,1
c50111ae-316a-4f11-8f81-67e404766176,0,1,1,1,0,1,0,0,1
a7ced346-3fae-4466-927f-0ebf956901d2,1,1,1,0,0,1,1,1,1
69d458dc-cd01-4d5a-a984-a42a857f3bfc,0,0,0,0,0,0,1,1,0
767201fb-da4e-45af-aed6-f12cf94c148e,0,1,0,1,0,1,0,1,1
61ad6490-c8d7-486f-a8b1-7acd9dc6683a,1,1,1,0,0,1,0,1,1
3cbe7ebf-f5a7-4c39-8bf1-e5a6b1713b73,1,1,1,0,1,1,0,0,1
1437f916-d145-402e-90cc-6a8c39f8e6f9,0,1,1,1,0,1,0,0,1
caabbb9c-6101-4512-886e-825fe154e031,1,1,1,1,1,1,0,1,1
c99daa2f-a176-4a44-9c25-953bb549c137,0,1,1,0,1,1,0,0,1
dd8fafee-47d7-40a8-b756-a53104ce820e,1,1,1,0,1,1,0,0,1
cf7b49a2-b798-4975-9afb-dcd197387e84,1,1,1,1,1,1,0,1,1
c0847d41-8bbe-42d0-ab68-d37f66b6313f,0,0,0,0,0,0,1,1,0
f798d9ce-15b2-4ec7-b78b-9b700805ffa1,1,1,1,1,0,1,0,1,1
9ac79943-968d-41f9-894f-1b80981e06ee,1,1,1,0,0,1,0,1,1
76370aed-e6c5-431e-8aef-d7ceb76da68f,0,0,0,0,0,1,0,0,1
4e471708-a06c-4cb4-b9e5-cbae36d6e670,0,1,1,0,0,1,0,0,1
979b247f-8f01-4588-a2c6-d0c0b22f257d,1,1,1,0,0,1,0,1,1
1baa8202-2af7-4850-bc40-c855ca105baf,0,1,1,1,0,1,0,1,1
8117b3b0-4bec-4af1-a42c-b0ef19881144,0,0,0,0,0,0,1,0,0
2670e5ec-887f-406a-a59b-ca01827a28d1,1,1,1,1,0,1,0,1,1
642080ff-cce7-4bae-916e-7ed7c34c3f15,0,0,1,1,1,1,0,0,1
01a3c4d0-d3ff-4ea9-a1eb-9c723b728d6b,0,0,0,1,0,1,0,1,1
e71e5c70-a9a5-4aec-812b-557afdacbe5d,1,0,0,0,0,0,0,1,0
67f0b66c-5234-4f31-b166-29da682b7aa6,1,1,1,1,0,1,0,1,1
eed7c591-a367-4f80-a29a-c5f006deced3,0,0,1,0,1,0,0,0,0
dc8ab41b-58ab-4b0c-9565-cbf0f258b9e9,1,1,1,1,1,1,0,0,1
4909d825-4510-4bcb-90f3-653b2f18d118,0,0,0,1,0,1,0,1,1
be8c947e-a059-4829-8a7e-1e4cf5190883,0,0,1,1,0,1,0,0,1
1262c6b2-0817-43ba-8f26-06cfc796115e,0,0,0,0,0,0,1,0,0
50605e37-a90a-4638-b79a-bceebbfca296,0,0,0,0,0,0,1,0,0
debd635d-8518-401a-bafb-b30bab8607fb,0,1,1,0,1,1,0,0,1
98a02516-abdf-490b-8762-3a8a0c58baf2,0,0,1,1,0,1,0,0,1
64a2dd5c-c8b5-4678-bbf5-73aa7c3590dc,1,1,1,0,0,1,0,1,1
045cbbcc-4e73-4bca-8887-c4fc3a02096f,0,0,1,0,0,0,0,0,0
5c45501d-38a0-4f57-8c22-686ddea7fa90,1,1,1,0,1,1,0,0,1
d2b50f0d-6341-4fa2-9c69-9b242bb61f6e,0,0,1,0,0,0,1,0,0
d8fc178e-e4af-45d6-b07d-96277334b170,0,0,1,1,0,1,0,0,1
bf9be29f-1f43-4469-af54-53a7ba3e1fee,0,1,1,0,0,1,0,0,1
670348ab-eb0f-4b23-a96e-3506ced73395,0,1,1,0,1,1,0,0,1
1333e1b7-23f2-4238-8727-d3e5b2c03ae8,0,0,0,0,0,0,1,1,0
025901eb-22c2-4ac5-b53e-b52b286db114,0,1,1,0,0,1,0,0,1
7d802049-1710-4b01-a26a-5d2994caa9c7,0,0,1,0,0,1,0,0,1
2ca08878-1e73-454e-85c2-147f04f45db9,1,1,1,0,1,1,0,0,1
f62d890f-5373-4c4b-a69d-cd0f01224e56,1,1,1,0,1,1,0,0,1
ded99305-698d-4576-a80a-ab688ded7b76,1,1,1,1,1,1,0,0,1
51d39440-035d-4b5a-ac17-6edfd19df5cf,1,1,1,1,0,1,0,1,1
efbfc43b-6ac4-4000-9684-7574f013041e,0,1,1,0,1,1,0,0,1
f7ded7ae-aef2-4525-823e-283d4544af60,0,1,1,1,0,1,0,0,1
e3d66a95-645e-446a-9f46-63f136dc5f1d,1,1,1,0,1,1,0,1,1
a73feb2b-53ac-4e58-a6e1-23b8316f5bc3,1,0,1,0,0,1,1,0,0
3b357f98-153a-4b5b-9a4f-e3b5349e99e5,1,0,1,0,0,0,1,1,0
493c9ada-dc35-45bc-b017-fc1c78704037,1,1,1,0,1,1,0,0,1
eb249c8b-154b-4106-babc-610626270e46,1,1,1,0,1,1,0,0,1
9c43d4ff-f168-4b2d-85bc-3e7518d73c50,1,1,1,0,1,1,0,0,1
1a6162b3-db89-4ebf-ad2d-38e66f2a8e2a,0,0,1,0,1,0,0,0,0
350f2001-d273-47d1-b4ba-a16e70983bf9,0,0,0,1,0,0,0,0,1
15e94266-ccd2-4c8f-ac2c-06641b5bac02,0,1,1,0,1,1,0,0,1
04387845-f2ec-434e-8892-6e2117a7834a,1,1,1,1,0,1,0,1,1
6165a0a3-a812-4f16-8b24-548ced1a1887,0,0,0,0,0,0,1,0,0
60f46b36-3fc9-4283-bfc6-b6f9d2f1b6c5,0,0,1,0,0,1,0,0,1
d0164137-f857-4447-858d-c97cda320679,0,0,0,0,0,0,1,1,0
89793ffb-aa7b-447c-8df1-3c6ad0ca3619,0,1,1,0,1,1,0,0,1
14df062a-bf0d-49cf-a3f7-a04f11b7adf1,1,0,0,0,0,0,1,1,0
b58b33c5-b2c4-47e9-bcbb-045ac6d52b20,1,0,0,0,0,0,1,1,0
a7de6d04-38bc-4f34-8a10-9fd88c61d12b,1,1,1,0,1,1,0,0,1
da274223-7bf0-473b-a848-99c7bf93673b,0,0,0,0,0,0,1,1,0
1b6c8bf8-b1df-446c-8b7a-6544899f0b19,1,0,1,0,1,1,0,0,1
4536aa2f-c297-4206-aa3f-f00f122e0371,0,0,0,1,0,0,0,1,0
c07e5a4c-5ee1-486b-89e8-9ff9506acf52,0,1,1,1,0,1,0,0,1
2dc89dae-a9d7-4d93-ae99-f137020c32ca,0,0,0,0,0,0,1,1,0
18fd0de7-3260-4bb8-be10-ccf567e39bd8,0,1,1,0,1,1,0,0,1
a91da9fa-baba-49a4-bcdc-b0891a55269f,0,0,0,1,0,0,0,0,1
4021e0eb-725d-4e14-abca-50bc2c49babc,0,0,1,0,1,1,0,0,1
0bdffa94-dc77-4a68-ba8b-9d4e3922096d,0,1,1,1,1,1,0,0,1
6b4fe2aa-ab54-4a25-be95-a72d8332c2dc,0,0,1,1,1,1,0,0,1
d7b5ed68-1e6a-40b9-be06-ce34066ec84f,0,0,0,0,0,0,1,1,0
c61dd6fe-c85b-4704-bbb9-f0908e0a141a,0,0,1,0,0,0,0,0,0
fc9acf2e-9bfe-43ac-b768-3d153706e7c1,0,1,1,1,0,1,0,0,1
fc3ebccb-c504-43bf-80e7-b78722aa6eb2,1,1,1,0,1,1,0,0,1
f38edc80-4993-4619-bf6d-080e4dfe8d7e,1,0,1,0,0,0,1,0,0
83f51e98-fe71-4fcb-80d0-832f4e233593,0,1,1,1,0,1,0,0,1
9f7769e7-0ce9-4e16-b6ba-6e4dc6cd990b,0,0,1,0,0,1,0,0,1
d0759bc3-b7e0-47d0-ba39-f2c3faf131e1,0,0,1,0,0,1,0,0,0
b0aaf926-00f9-42b7-89ed-f3ba6300d877,1,0,1,0,0,0,1,0,0
14af9667-74f1-4a00-8f5d-547cc4ebf742,1,0,0,0,0,0,1,1,0
96e327db-ad18-492f-90db-4df6232018da,0,0,1,0,0,1,0,0,1
669e5bbd-823d-453e-8e0b-2c580338d14d,1,1,1,0,1,1,0,0,1
3c0c2853-e1d9-4ffc-9f95-0c1a270551bb,0,0,1,0,1,0,0,0,0
9b606862-9bde-4f90-a17b-a23fbb1f9ddb,0,0,1,1,0,1,0,0,1
04930431-57f3-4a38-a94c-44805520ed15,0,0,0,0,0,0,1,1,0
5e715295-2833-4941-be64-dfd422036e80,0,0,0,0,0,1,0,0,0
d46daf1e-90fb-4181-be88-2eaadeb427e4,0,1,1,0,1,1,0,0,1
4ceb338e-7e5a-438f-a1f5-b39221789d94,0,1,1,1,1,1,0,0,1
3013e32d-9f64-4b90-b9b5-bb8eb88a4551,1,1,1,0,0,1,0,1,1
b84afc4d-0d74-43a2-815c-89b4101ad6dd,1,1,1,1,0,1,1,1,1
78dea0f8-4994-4644-8255-6d75d2bf0b33,0,0,0,1,0,1,0,0,1
2e5c48a3-ee4f-46b6-a320-95bbb3e72223,1,1,1,0,1,1,0,0,1
509ef40d-d559-4d55-a857-962b13b28ab4,0,1,1,1,0,1,0,0,1
2dc88ea2-bd0e-4fb5-9483-a9b8e3190a04,1,0,0,0,0,1,0,1,1
5c524d5c-f871-45f0-a2ae-44120be21db6,1,1,1,1,1,1,0,0,1
e8439b1c-1064-4f2d-8a25-a4292dd8a46b,0,0,0,0,0,0,1,0,0
dfd9f476-cb9c-4b0a-86d8-6fdba6b2e93d,1,1,1,0,1,1,0,0,1
7c4ab43a-608d-4707-a7a0-8009a296c73d,1,1,1,1,1,1,0,0,1
1401130a-7b34-4223-824c-1a9268037d3a,1,1,1,0,1,1,0,0,1
6bd23c3d-44af-4946-91a3-cd21b8c204e8,1,0,1,0,0,0,1,0,0
b97ddb8b-19d2-4a49-889b-9a4927f3110f,0,0,1,1,0,1,0,0,1
91730f6a-6b89-465a-a8b0-6c8fd10ee38e,1,1,1,0,0,1,1,0,0
103cf88c-6879-4fa4-abd0-45b47f4685dd,0,1,1,1,1,1,0,0,1
97080724-088f-4a65-8677-07b8038feacf,1,1,1,0,1,1,0,0,1
d9be2c8d-4d87-496a-bbe3-ecbc0aae6f76,0,0,1,0,0,0,1,1,0
f7c86fa7-fd4c-4a8d-90dc-1c2dcf407848,0,0,0,0,0,0,1,1,0
5168442a-2cae-46f4-96c1-f9ebcb6b9fa2,1,0,0,0,0,0,1,1,0
280349b3-3b1c-467e-890e-2eb147b3bedd,0,1,1,0,0,1,0,0,1
9784bc06-0716-4685-9f1e-52d18caedb10,1,1,1,0,0,1,0,1,1
64e65e3a-be82-423f-ab0b-55ab41c416e9,1,1,1,1,1,1,0,0,1
ba64bdc4-c42d-49fc-9bc2-6881a56520e8,0,0,0,0,0,0,1,1,0
86c6f162-e562-46c3-997e-d206e100bc8d,1,1,1,0,1,1,0,0,1
666242bf-e238-40b0-8792-09bd5d20643d,0,1,1,1,0,1,0,0,1
b28a08c8-469e-4651-a158-76de3a4e8fd5,1,0,1,0,0,0,1,0,0
34d452e1-74bb-427c-b307-247849221f4a,0,0,1,1,1,1,0,0,1
90f60acf-b03f-4644-b9d0-0f23bc5bd710,0,0,0,0,0,0,1,0,0
084afee6-cfa2-4095-911e-0850aea7fe35,0,0,0,0,0,0,1,1,0
35b8450f-97fb-4875-b9c9-ced92d9cd3e1,0,0,1,1,0,1,0,0,1
5750e8b9-2b31-4e11-83ce-c15c6631a3cd,0,0,0,1,0,0,0,1,0
40d994c0-c4b6-46aa-a151-e3cc8b7c7c0a,1,1,1,0,1,1,0,0,1
110db354-bc9f-44f6-b9f5-b801c7567c98,1,0,1,0,0,0,1,0,0
2b1a14f1-8601-4403-8eee-a3aaa93f4d7f,0,0,0,0,0,0,1,1,0
a950e8cb-8e0c-4438-a4d8-25610878a34a,1,1,1,1,1,1,0,1,1
945ced86-2bd9-4c96-b693-d703ceaf81d7,1,1,0,1,0,1,0,1,1
d9cf818e-b379-44ba-a6ce-cb99afcbf9d4,0,0,1,0,0,1,0,0,1
7382dd2b-5a5d-48e5-9c52-31ac67e7914d,0,0,1,1,1,1,0,0,1
2bfaae4a-8492-4fb3-bc35-f3099efde203,0,0,0,1,0,0,0,0,1
c0166cb1-c54f-41b6-ab04-dfbd6331111a,0,0,0,0,0,0,1,0,0
0aef8dbc-39d0-4449-9a51-e9f4f1bf0032,1,1,1,0,0,1,1,1,1
3b6ff50d-20d2-4d3d-9178-d20851dffeeb,0,0,1,0,0,0,1,0,0
0ed79139-6f6e-41a2-a473-a4b6c2b50d96,0,1,1,1,0,1,0,0,1
66e91749-5a33-4e2a-b034-03348970aca2,1,1,1,1,1,1,0,1,1
de155765-b683-4010-8ec0-2e8e4f4f5ffd,1,1,1,1,1,1,0,0,1
5dc9148a-75c5-4ffc-85c6-519a700313e8,1,0,1,0,1,1,0,0,1
86d9018d-ca01-4885-a0b3-f372303c326b,0,0,1,0,0,0,0,0,0
19ce7420-6187-4aeb-8c2b-7a5b9c5861f1,1,1,1,1,1,1,0,1,1
c68938d5-7874-45b7-9fe3-64f5c9bff5a5,0,0,0,0,0,0,1,0,0
a1cae4ce-3358-4317-8890-3f1366f2e64d,0,1,0,1,0,1,0,0,1
3dc7b314-23b5-453e-8432-a6fcc6a210db,0,0,0,0,0,0,1,0,0
2914bc7e-ef05-4d60-b120-4ff61c242958,0,0,0,1,0,0,0,0,0
d1d086db-d529-4242-b077-25c34e994ba3,1,1,1,0,1,1,0,0,1
129d398f-9263-4b00-ad35-3c36480eb6e9,0,0,1,1,0,1,0,0,1
35b00bab-915e-49c7-b727-811b12807779,1,1,1,0,1,1,1,1,0
362ffaf3-8bad-4c24-84a1-48e2140a0428,1,1,1,0,1,1,0,1,1
650dbe91-6bbb-4a33-9b99-7797dd1b7339,0,0,0,1,0,1,0,1,1
240512b6-4bad-4eed-9153-e32db6967acb,0,1,1,0,1,1,0,0,1
c2def651-2098-4ced-8c21-b8bb36336085,0,0,1,0,0,0,1,0,0
e39e1db3-f17c-424c-9afe-9a9f219693ff,1,1,1,1,0,1,0,1,1
d942ae0c-8add-409c-aacd-3c563eef13b9,0,0,0,0,0,0,1,1,0
dd2115fd-36e2-4fb3-a3dc-771e7b50fa8a,1,1,1,1,0,1,0,1,1
2f897c18-8194-461d-9217-85d3f2045e26,1,1,1,1,0,1,1,1,1
7ea0e7f0-78be-49f6-b58f-b76d9075a7c2,0,0,0,1,0,0,0,1,0
45561b1b-95cd-4d0c-8fde-da1440651b72,0,0,0,0,0,0,1,1,0
9e283fb8-57ee-4ab7-97dd-9f116d5741bb,1,1,1,1,1,1,0,0,1
7db6d9df-d530-4a62-94c6-9ae2f7b10830,1,1,1,0,1,1,0,0,1
594c79e4-5d13-454c-ad6e-85f873e7e712,0,0,0,1,0,0,0,0,0
9a41e5c9-daae-4d2c-a04d-1b7181420f2d,0,0,0,1,0,0,0,1,0
02b3bebd-075f-4afa-8e59-5676ba40417d,1,1,1,0,1,1,0,0,1
97738472-bf7b-48dc-ab0f-755150f4d985,0,0,1,0,0,0,1,0,0
67925ecd-895e-4038-b616-24b74b373895,1,1,1,1,1,1,0,0,1
9c4871a3-63ef-4ceb-9e71-67b23b1b1a1f,1,1,1,0,0,1,1,1,1
03a4d864-2100-486c-8784-3b5c75486390,0,0,0,0,0,0,1,1,0
e0709ddb-2662-4a11-8f9b-e745408fcf72,1,1,1,0,1,1,0,0,1
3041052c-e73c-42b6-84a7-cd9188773c95,0,0,0,1,0,1,0,1,1
7adba625-2a5a-471b-83ba-38e7741ec20a,0,0,1,1,0,1,0,0,1
89a7f4c8-b050-41e4-8344-2f3de11263da,0,0,0,1,0,0,0,0,0
505685e3-812f-4dd0-b9a4-0e8d8caeaf83,1,1,1,0,1,1,1,1,1
ea7e7392-25a0-49f4-a69e-c7599aed9572,0,0,0,1,0,0,0,0,1
85ea4ea2-c47b-4dc7-94a6-1255d33b4313,0,1,1,1,0,1,0,0,1
bc9003bd-2f11-4240-9fe2-149b2b3c55c9,1,1,1,0,0,1,1,1,0
ecd123d2-d482-4958-8263-215138778742,1,1,1,0,1,1,0,0,1
97302e09-f0e4-4f41-a027-498d990a5f12,0,1,1,1,0,1,0,0,1
4317eff6-ca51-40b7-894a-8bc5d53cc9f8,0,0,1,0,0,0,1,0,0
0543d0ee-c585-4b29-8a3d-13a9a8b41ac5,0,0,1,0,0,1,0,0,1
286ac9c9-88d9-4aa6-8b69-d6a4e696f00b,0,1,1,1,0,1,0,0,1
3f8cee14-c4bc-4505-a3ba-5277b054cc44,1,1,1,1,1,1,0,1,1
6bf46b2b-8171-484f-ad7c-288b664bc947,1,1,1,1,1,1,0,0,1
481698fe-2233-498a-aab2-6b58947fdd70,1,1,1,0,0,1,0,1,1
6d8f73ee-ba5e-4bb8-8999-6a5974bedc03,0,1,1,1,0,1,0,1,1
09a75e33-2cad-4bf9-999c-d3e8af661fba,0,0,1,0,0,0,0,0,0
3614ae72-d6d7-40e1-ae8c-bcfa853259ba,1,1,1,0,1,1,0,0,1
a6aba32e-3c2e-4f6e-8360-143daf228a14,0,1,1,1,1,1,0,0,1
5d15a44d-f601-46e3-94bb-c4d1d69ff4a7,1,1,1,0,1,1,0,0,1
526aa7ff-daf6-4a5d-8cce-bcaed6ff4b4c,0,1,0,1,0,1,0,0,1
1712e418-4d55-4944-87cf-da98c1db86e4,1,1,1,1,1,1,0,0,1
9a1d1991-b553-4b00-8a24-e79146f1f655,1,1,1,0,1,1,0,0,1
fe16f02b-8f5e-45e7-8502-fbeb7ac77a1b,0,0,1,1,1,1,0,0,1
35966b8c-1ff7-4ee9-aaa4-8151f8ed7cd2,0,1,1,0,1,1,0,0,1
f75ad37c-9eca-40d5-8881-8d746ec64e10,0,1,1,1,0,1,0,0,1
09309aa3-7751-49b9-bf20-12248e2c13c3,1,1,1,0,1,1,0,1,1
c7ab0da1-00c6-4f1e-af3c-5a4979157b21,0,0,1,0,1,0,0,0,0
272e5117-ca0a-422b-a860-e947552c9034,0,0,0,1,0,0,0,1,0
6df2c5f8-ddb5-47b2-a484-61f683ba2f8d,0,0,1,0,0,0,1,0,0
14cc0a0b-9a12-4d61-b063-36e2254131ee,0,0,1,0,1,0,0,0,0
46b76f8b-311d-4c08-a329-d5698014af1b,1,1,1,0,1,1,0,0,1
3c8c0912-b965-43bc-97b8-738665485d35,1,1,1,1,0,1,0,1,1
4689853f-1332-4a17-8f25-d85813aba203,0,1,1,1,1,1,0,0,1
a94a8130-bbad-41a3-9045-984d67e0e6de,0,0,0,0,0,0,1,1,0
a1c471a0-5493-400e-acdf-21b31447c044,0,0,1,0,0,0,1,0,0
998cce53-b4ca-4c19-af7a-8bb06cc37ff4,0,0,1,0,0,0,1,0,0
26cf3327-e92b-41b5-94cb-b54a2beaf05e,1,0,1,0,0,0,0,0,0
52bbd25e-61be-4019-875a-223bde1b2c68,1,1,1,1,1,1,0,0,1
7edd798c-ca17-486d-b44b-9cbfe755bcd8,1,1,1,0,1,1,0,0,1
9c1ff7a8-c1ce-464b-a2d5-f12985ebd5ca,1,0,1,0,0,0,1,1,0
ba42875b-e1e8-46ef-b43b-f9eaf485be60,0,0,0,1,0,0,0,0,0
ce47380e-f921-4327-b376-37afbb765288,1,1,1,1,0,1,0,1,1
52f52f86-e2a4-42db-a239-ac0b60f98f60,1,1,1,1,1,1,0,1,1
6e86122c-bf5d-426f-a1e6-0b565b912a6d,0,0,0,1,0,0,0,1,0
74d28c94-dd78-400c-a4ac-32f4de6585db,0,0,1,1,0,1,0,0,1
6f8f5bbe-5f32-421b-af17-0cfb46cd964b,1,1,1,1,0,1,0,1,1
cfd725e9-dda1-4105-834e-46a059e065cc,0,0,0,1,0,1,0,1,1
6492e78f-95a8-4268-b9c1-dc5827c31f14,0,1,1,0,1,1,0,0,1
ec1a0898-398b-42f7-9d8c-4ebe98f02632,1,1,1,0,0,1,0,1,1
5e5fa438-bce8-4ba7-af2a-04b5b9604670,0,1,1,1,0,1,0,0,1
b53eadf4-a5c8-474c-bb79-f4b322503948,1,1,1,0,1,1,0,0,1
faee1c78-cca9-4b73-93e3-c7cf1f75bcf1,0,0,1,0,0,0,1,0,0
2b5b273c-767c-47a0-9584-03448bb6cb69,0,1,1,1,1,1,0,0,1
83089985-cce4-4bf8-b1c6-6c35f54ca584,0,1,1,0,1,1,0,0,1
01b795de-f389-42b7-bf57-55d93e59267b,0,0,1,0,0,0,1,0,0
56f8e3be-43a3-44f2-a34d-62ec10b79dc7,0,0,1,0,0,1,0,0,1
8a1cad79-9344-479a-b160-e68478196d9d,0,0,1,1,0,1,0,0,1
0ec361fc-7093-4e1f-8a23-75c9f1e2a273,1,1,1,0,1,1,0,0,1
193caa8f-09bf-4070-bd77-ef28058082fa,0,0,1,1,1,1,0,0,1
0a302b6e-9888-4df9-844a-b6ea46a422a7,1,0,0,0,0,1,1,1,0
f7618d71-9f02-4d03-bb2d-bafef2af938a,1,0,0,0,0,0,1,1,0
d1dd6e2c-764d-408a-92f3-709d73d49c8b,0,0,0,0,0,0,1,0,0
77834038-485d-4d88-9e60-436bb078aba5,1,0,1,0,1,1,0,0,1
b5da017d-265a-4c0e-b75e-e114ab86d8e0,1,0,0,0,0,0,1,1,0
889c6ccd-6a40-4028-b444-03c6599f8d8d,1,1,1,1,1,1,0,1,1
9b78743a-152c-4b42-b776-286c8f698dd5,0,0,0,1,0,1,0,0,1
ee282fe4-7468-4bc7-b647-29066474ea57,0,0,1,0,0,1,0,0,1
edda002e-6f45-4245-90bc-dc001141e6d1,0,0,0,0,0,1,0,1,1
f2120f46-bb94-4dae-8e3b-b56e87aa0dbd,1,1,1,1,1,1,0,0,1
841f1a0b-f3d7-4e02-af3f-faa8bdc78e91,0,0,1,1,0,1,1,0,1
08ad9cdf-230d-4605-a118-9b54cb523557,1,1,1,0,1,1,0,0,1
916a2e45-04ad-4414-b01a-1675f3706f3a,0,0,1,0,0,0,1,0,0
37e35229-5b0e-4b7b-ac09-44b6182f71fa,1,1,1,0,1,1,0,0,1
ef6a0dd3-9faa-438b-86da-47b316d7baf0,1,1,1,0,0,1,1,1,1
2b3322f1-891a-4ce3-a359-230d06830fed,0,1,1,1,1,1,0,0,1
b37dcdf5-f77f-4847-9b92-8a21b88321e1,1,1,1,0,0,1,0,1,1
15eb92a3-984a-4625-873e-5a62989251ac,0,0,0,1,0,1,0,0,1
25c10482-d227-4c0c-b059-822cae243169,1,0,1,0,1,0,0,0,0
1f0e149b-8a8e-44ff-879f-71c04a35e836,0,0,1,1,0,1,0,0,1
0592894a-6b8e-4fdd-94a7-34f527e7e6df,0,0,0,1,0,0,1,1,0
c11e853f-c4e0-47d6-b60a-4eba8ca041dd,0,1,0,1,0,1,0,1,1
af0161e1-8104-4eeb-80fb-c79005b264b9,1,0,1,0,0,1,1,0,1
aa4326b4-30d3-463f-b78f-39f782b718bc,0,0,0,1,0,0,0,0,0
68914a47-5d9d-4860-8d23-e310ef43c401,1,1,1,0,1,1,0,0,1
63fdbc83-cb2f-4052-9ab5-7287f506a778,0,1,1,1,1,1,0,0,1
9659dc1b-acf2-4e9f-92b0-b25243f1909b,0,1,1,1,1,1,0,1,1
cf62a52f-c0b1-4709-ab3d-19bba19836dd,1,1,1,1,1,1,0,0,1
06a7d86b-de62-4e51-b064-db536d536fdb,1,0,1,0,0,1,1,1,0
9c69827d-04b0-4d10-9fb7-8ecaf8adb074,1,1,1,1,1,1,0,0,1
9d9f57b7-7665-4fa3-b792-4c61ba2736c9,1,1,1,1,1,1,0,1,1
226b0b61-cca2-4b1a-9d85-1a08f41fca53,1,0,0,0,0,0,1,1,0
f349e2d2-2c3d-4a0b-8541-590939e516c2,0,0,0,0,0,0,1,1,0
b4941cbc-865b-4256-b91a-e82526852988,0,0,0,1,0,1,0,0,1
ac7fefd9-b9d9-4914-99a9-e1e2083ec04a,0,0,0,0,0,0,1,0,0
e75c1878-cfda-4e4f-bc10-7c2ef28a2a5e,0,1,1,1,1,1,0,0,1
5122ee1f-19d6-4345-b489-87992fcfe04f,0,0,0,0,0,0,1,1,0
fa69b70e-69e5-4073-86be-04d91e6b988d,1,1,1,1,1,1,0,0,1
60c4215d-617c-4d80-a013-427df42f27b3,0,0,1,0,0,0,0,0,0
39510407-56dc-4286-9574-e73c6df94467,0,1,1,1,0,1,0,0,1
a46bd259-6f5d-4697-9827-6e6129544af6,1,0,1,0,0,0,0,0,0
9a1a519b-f940-40d8-a365-bc55184db1ce,0,1,1,0,0,1,0,0,1
e2d8e986-b314-4b7d-9065-93134e1c290e,1,0,0,0,0,0,1,1,0
d7e2c380-e5a4-4b54-ad81-20a783151b6f,1,1,1,1,1,1,0,1,1
dedfe1f8-305d-44cf-83c1-be57e8d2be21,1,1,1,0,1,1,0,0,1
4239bdbc-fab1-4174-ae45-47be62e1a605,0,0,1,1,0,0,0,0,1
ba2ada05-f0cf-4180-8e71-abdb6fca93a2,0,0,1,0,0,1,0,0,1
b4e994b3-50ee-4a58-8e01-de6ddae4970e,1,1,1,1,1,1,0,1,1
cae60cfa-a973-4515-8e5b-7015e5667286,0,0,0,1,0,0,0,1,1
ba8024ab-7535-4ac4-9c99-b214b104410d,0,1,1,1,1,1,0,1,1
ef4e0c0f-9d15-417a-ac4c-136b39bd5bbc,1,0,1,0,0,0,1,0,0
de78f746-1c6b-49eb-83eb-782bcfee28ad,0,0,1,0,0,0,1,0,0
c5701309-19b4-4833-9ef1-867651d5e4a2,1,1,1,0,1,1,0,0,1
fb73e13e-eb59-41c1-8a43-bf26b2f3df8e,0,1,1,1,1,1,0,0,1
e06a00f4-81df-41fa-a517-56159831eb2d,0,1,1,1,1,1,0,1,1
292d84c2-3f85-4d3b-8f0f-ec8f9c793a1b,1,0,1,0,0,1,1,0,1
d61bc203-f5ec-4eb9-b571-ffd87b3a241b,0,1,1,1,0,1,0,1,1
6244fd7a-4dea-47fd-9f96-3ef9293d68c8,0,0,1,0,1,1,0,0,1
61766e88-c0d9-452f-9d77-9ab5aa29042b,1,1,1,0,1,1,0,0,1
3bc388af-096c-409c-8490-0f6a340687b7,0,0,0,0,0,0,1,0,0
f1539aab-be15-481f-9371-2c6a56f717cc,1,1,1,0,1,1,0,0,1
610add3a-7740-4382-bf2c-913d36f3f939,1,1,1,0,1,1,0,0,1
1512619b-950f-4f87-ace2-8100fbaa3d9a,1,1,1,0,1,1,0,0,1
5a5d49d9-0ab3-4d94-9d07-94ecdf3a9d95,0,0,0,0,0,0,1,0,0
59e3c873-994a-4266-b662-90be1fecd828,1,0,0,0,0,0,1,1,0
3483c0cf-8a03-49d3-aef2-4831db42385b,0,0,0,1,0,1,0,1,1
489765ca-c7ba-41e6-8086-0bfc6e9601dc,1,1,1,0,0,1,0,1,1
681099ae-153b-479c-837d-93df58830fe7,1,1,1,0,0,1,0,1,1
8db6b1bd-66a2-490d-bbb4-7946ba96c599,0,1,1,1,0,1,0,0,1
64f937de-50b7-42a7-88bb-ea8a17228c3a,1,1,1,0,1,1,0,0,1
2304a27f-f72e-4846-861f-e701374bba07,0,0,1,0,0,0,0,0,0
8373830a-2550-4041-847f-5e241179491e,0,0,1,0,1,0,0,0,0
9f43570d-9b41-445e-bc6a-40b81eae9466,0,1,1,1,1,1,0,0,1
420d7f46-59e2-47c0-8a45-45dd1662ea9c,0,1,1,1,1,1,0,0,1
500c1591-1f49-4c0c-a347-4e82396d3f68,0,1,1,0,1,1,0,0,1
539b0023-cf78-408e-9a65-0c24936e7016,1,1,1,1,1,1,0,0,1
26de15da-0930-4f86-8e3b-b3f7fee5011d,0,0,0,0,0,0,0,0,0
e4e5e0dd-2d14-47e5-9160-20978cf70072,0,1,1,1,1,1,0,0,1
96acbb9c-ade2-4e1e-9374-a09ace69d4ad,0,0,1,0,0,0,0,0,0
9dfac8e4-f6cd-4331-8857-edd4356560e1,0,0,1,0,0,0,1,0,0
c6eeed7f-4a09-4dd4-995e-43f4fa769ca3,0,0,1,0,1,0,0,0,0
85a434e6-c2d5-4660-bdaa-cbe2aaff33cb,0,0,1,0,0,0,1,0,0
747f24d3-2899-4711-a79a-ba81486aae02,1,1,1,0,1,1,0,0,1
dd24b417-be3c-4758-84ed-d192514721ba,0,0,0,0,0,0,1,1,0
4a5a50ea-fe9a-4999-bc3e-08fa058265bf,0,1,1,1,1,1,0,0,1
687e27d3-4e00-4280-bf65-48cb386f89ff,0,1,1,1,0,1,0,0,1
8a9d16e0-17e6-491e-81ee-5b3159a51934,0,0,0,0,0,0,1,0,0
e84501be-b10a-4436-ba8b-4afc882febaf,0,0,0,1,0,0,0,0,0
74534baf-cb8e-4773-88e0-bc252c630e8c,1,1,1,0,1,1,0,0,1
bec766c7-22d0-4125-a766-cd4c7d339f80,0,0,1,0,1,1,0,0,1
e9a7c0fa-58d2-434e-b76a-0b88a7214b5c,0,1,1,1,1,1,0,0,1
04360d16-2ae6-4856-9a7f-c44c614b05d0,0,0,0,0,0,0,1,1,0
64935938-61b3-463e-a73a-9cf6a2ef112b,1,1,1,1,1,1,0,1,1
0e03fded-dd36-4ec5-bd9b-bdf35bcee44e,0,1,0,1,0,1,0,0,1
dd9e882d-c9a3-4b67-a825-29626b7417be,0,0,1,0,1,1,0,0,1
073ad0fd-f591-4192-9d95-4f46bb79d374,1,1,1,1,1,1,0,0,1
45fb99f6-777e-4ad9-a32f-e998f016fe26,1,1,1,0,1,1,0,0,1
2ab8a770-1513-475f-9cbb-5a599a211f9e,1,1,1,1,1,1,0,0,1
717f3017-7e66-45f5-a583-45f791487437,0,0,0,0,0,1,0,0,0
7120e513-47ce-4969-a706-3c55f408f17a,0,1,1,1,0,1,0,0,1
e4e09c23-5bf7-411e-a4aa-6c14ba2bdf10,1,1,1,0,0,1,1,0,1
c7bbb391-ddf0-4997-8fc3-93dd7cb4e311,0,1,1,1,0,1,0,0,1
9ff07a79-8c15-490c-90f1-ed5514e2baeb,1,0,0,0,0,1,0,1,1
31065e1a-01ea-40b5-b7ce-f89a541706de,0,0,1,1,0,0,0,0,1
a6ade15d-e9c9-4a01-8315-f3166e51dcf0,1,1,1,0,0,1,1,0,1
e45191a7-be28-4da4-a3bb-c6f9b5a5558c,1,1,1,1,1,1,0,0,1
b412f28e-22b2-4af6-8b27-d1a6527ce74f,0,1,1,1,0,1,0,0,1
e739252a-7c3d-4092-a95b-cb18509a8d59,1,1,1,1,1,1,0,0,1
9d2263e1-810a-464c-9f89-2a4de3390deb,1,0,0,0,0,0,0,1,0
8e7838f1-8f29-40ac-839a-b34fa33f35c2,0,0,1,1,0,0,1,0,0
902abf34-9501-490e-934a-04278cf9c480,0,0,1,0,1,0,0,0,0
41652fa2-3212-4378-9e0d-5bb37ead35eb,0,0,1,0,1,0,0,0,0
bfe5c7e8-dff9-4fd7-8584-cdec0a8b1090,1,1,1,1,1,1,0,0,1
d3fe0501-faee-4faf-8552-30c0789c50b4,0,0,1,0,1,0,0,0,0
f3a83b01-5ec1-42df-a091-53fd747f8b73,1,1,1,0,1,1,0,1,1
e46e1814-c687-4e57-b88d-e68084ee89fd,0,1,1,0,1,1,0,0,1
4a6d44c5-c042-4da7-bbb9-814de9669337,0,0,0,0,0,0,1,0,0
51921c37-fde6-4c88-a3e0-a3eb86768304,1,1,1,0,1,1,0,0,1
7d186bbe-d373-4d6e-b0cc-54a4d24e5780,0,0,1,1,0,1,1,1,1
fb13c6d8-ad3d-40c1-9e86-5cc21c66547d,1,1,1,1,1,1,0,1,1
3733b58e-77f5-486d-8ee7-a8ac3a900f69,1,1,1,1,0,1,1,1,1
b1444734-711e-49cb-aedc-4dacf36b2753,0,1,1,1,1,1,0,0,1
493009cf-5149-4864-a36b-2900e248378d,0,0,1,1,0,1,0,0,1
2d959e74-7c04-4be1-a467-52b388da6d09,0,0,0,0,0,0,1,1,0
dd431e0b-dc82-4939-8931-4e943238f8a0,0,0,1,0,0,0,0,0,0
01d17a91-b1aa-447d-9c7a-9c427c702d3a,0,0,1,1,1,1,0,0,1
b543f97c-0962-41a1-80db-f93bf9603e6b,0,0,1,0,1,0,0,0,0
82a7d67f-c77a-49d1-b0a4-43ef170eb944,0,1,1,1,0,1,0,0,1
05c96871-4648-4a62-bd84-38555111f0f7,0,1,1,0,0,1,0,0,0
2b9f12ee-b778-4128-acd3-fcd9589c5669,0,0,1,1,1,1,0,0,1
135daef7-8b98-4657-8c99-43deeb2457fa,1,1,1,1,0,1,0,1,1
01b32976-4501-4422-9398-40b0f301473d,0,0,1,0,0,0,0,0,0
f8256888-b204-43df-bdfc-d07358c6562f,0,1,1,0,1,1,0,0,1
ab1158fe-ceb1-4c31-9a95-f1abc0e5dca2,0,1,1,0,1,1,0,0,1
241b2f06-97c3-4b7a-b38a-fa62e91a5d32,0,0,1,1,0,1,0,0,1
e5ba2ace-8905-41f0-a3dd-88caa2dc5179,1,1,1,0,1,1,0,1,1
84e4787b-8226-480a-9213-f650592051db,0,0,1,1,0,1,0,0,1
eb3ce0c0-c7a3-48c4-a779-001854bd95a9,1,1,1,0,1,1,0,0,1
cd46f63c-381d-4a56-96d4-e8ff4d6dc254,0,0,0,0,0,0,1,0,0
1add2b1e-d1c3-4589-beb9-ed9606cac91d,0,0,1,0,1,1,0,0,1
18524a42-2631-4907-b07a-cd9161744bef,1,1,1,1,0,1,1,0,1
6ea8a172-f9f2-44ec-a104-8e4633b7854c,0,1,1,1,1,1,0,0,1
76605884-c230-43bb-a70f-07ffc8d1d373,0,0,0,0,0,0,1,1,0
0a5b9d09-626d-4dae-9461-82da6a5d1c3a,0,0,0,1,0,0,0,1,0
3b9c9d30-b5d3-48d9-b990-397a1b695393,1,1,1,0,1,1,0,0,1
6aa9dcc0-c991-4597-9385-2631fd3167fe,0,1,1,0,1,1,0,0,1
2a636fea-3ec0-44b5-ab94-b6c8bb52b604,0,1,1,1,1,1,0,0,1
32a9dadf-a236-4ef4-8ac9-01a8c40db27a,0,0,1,0,0,1,0,0,1
8c0883d0-3a17-407d-8fcb-94dc367fc302,1,1,1,0,1,1,0,0,1
75d8f423-46bf-4835-ae23-373084c8e0ae,1,1,1,0,1,1,0,0,1
03ca7399-b6f8-44bd-a384-d06db86dc4ca,1,1,1,0,0,1,0,0,1
6048c25e-331b-415a-82d4-656c49c45016,0,0,0,0,0,0,0,1,0
72c8995a-d7ef-4958-ba4e-5475024ddd3b,1,0,1,0,0,0,1,0,0
ea5491f0-fa53-4451-841a-7dc6e37df68c,0,0,0,1,0,0,0,0,0
29ff230b-0e5d-473e-a0e7-de98373a83ed,0,1,1,0,1,1,0,0,1
5bdd4477-2a4d-4487-b813-0f36a338f6b8,1,1,1,1,0,1,0,1,1
a43433f8-f536-4cb6-bff9-6ccbe34fc2aa,1,1,1,0,0,1,0,0,1
f02606c4-76ce-4f7f-aeef-d7764d9c2663,1,0,1,0,0,1,1,0,0
a530a766-f9a4-43a3-8ee4-9b7744e6efaf,1,0,1,0,0,1,1,0,0
363ee0fd-28d1-400a-b6e8-9d691e1eb00a,0,0,0,0,0,0,1,0,0
99097932-1743-4d59-940f-33dde16a4439,0,0,0,1,0,0,0,0,0
49860627-3948-439d-b597-377fa8ce7c14,0,1,1,0,0,1,0,0,1
bfa40138-d351-408a-a72b-01f81366142b,1,0,1,0,0,0,1,0,0
e6e5f42d-23fb-4fe4-b64d-98531ef8a1de,1,0,1,0,0,0,1,0,0
2bcc6ddd-a9bf-4a95-8bb7-6ec048688528,1,0,0,0,0,0,1,1,0
8bb49b39-3890-430c-b99d-efe43fd4a854,1,0,0,0,0,0,1,1,0
def546b7-5bd2-481a-907b-5cfba1863355,0,0,0,1,0,0,1,1,0
eac3a2b0-4b36-4748-8a16-5c485eda2c6c,0,0,1,1,0,0,0,0,0
bced823d-7b48-4a20-9845-d769934710dc,1,1,1,0,1,1,0,0,1
2dd92f98-c364-4bb2-b6d5-808739b8f691,0,0,1,0,0,1,0,0,0
bde146a9-b43c-478f-bfaa-d444c826e6bf,0,1,1,1,0,1,0,0,1
bf685af5-508f-4e89-ae8f-52da1aa55150,0,1,1,0,1,1,0,0,1
f5ad4d17-6a6f-4a94-a993-fb77f7a12a03,0,0,0,1,0,0,0,0,0
00753f6e-746c-45c5-b612-745b16b6038a,0,0,1,1,0,1,0,0,1
37a2d99c-f0c8-49c0-81d9-6c56a464b3bb,0,1,1,1,0,1,0,1,1
e65cfb5b-5a10-414c-8b54-ffc41afc5c3a,1,0,1,0,0,0,1,0,0
a7a10967-65de-4371-a360-a637ff95fa14,1,1,1,0,1,1,0,0,1
8231c552-3b58-4913-8ca4-80d6f122c3e2,0,1,1,1,0,1,0,0,1
792339df-c7a8-43a5-8947-20900d947e80,0,0,0,0,0,0,1,0,0
7b1d50e7-9b86-4b31-97f7-2f10ff3d5658,0,0,0,0,0,0,1,0,0
feae5f54-df0c-45f9-adc3-c977536d59b5,0,1,1,1,1,1,0,0,1
2af66465-3c3b-480e-8bd1-ebc0f0703444,0,0,1,0,0,0,1,0,0
5d4d2238-e983-47ff-95c3-1cd34a2fb431,1,0,0,1,0,1,0,1,1
d6c68907-b634-420a-aba1-dfdafcda3d41,0,0,1,0,0,0,0,0,0
1c6de97b-d496-4909-b201-3659349231c4,0,0,0,1,0,1,0,1,1
856c2711-a363-44c4-9873-25ec12a0982a,0,0,0,1,0,1,0,0,1
ce982c6d-a005-47f9-97eb-3d752529cce5,0,0,0,0,0,0,1,0,0
ef4971dd-792c-4b4d-b56c-f8caf4efb47c,0,1,1,1,1,1,0,0,1
90fbb2cc-bdcd-4c26-99d5-72ef59001b3a,0,0,1,1,0,1,0,0,1
b2748be3-24bd-4101-8c02-05555663447c,1,1,1,1,1,1,0,0,1
f767f555-93e8-4f14-ba95-b1f8ef1dea65,0,0,0,0,0,0,1,0,0
649de89c-26b5-49fd-a5e9-008b91f14ad8,0,0,0,1,0,0,0,1,0
880f29bd-33cb-4bc2-8482-bc6941f10307,0,0,1,0,0,0,1,0,0
34940aea-087a-4a12-ad77-71c9d53a72d1,0,1,1,0,1,1,0,0,1
cc7f40f5-2ecf-49aa-9027-e394d5072687,1,1,1,0,1,1,0,0,1
5e055960-e165-4957-b837-6a591d06f75a,0,1,1,1,1,1,0,0,1
f2b4240f-0f4e-4e02-b729-88a472cb2b44,0,0,1,0,0,0,1,1,0
3a181050-b340-4036-af58-8a8815db7502,1,1,1,0,1,1,0,0,1
957ee4e1-445d-42dc-affd-a11a5c88d288,1,1,1,0,1,1,0,0,1
7b5c7f03-2c57-4f82-8d52-f8d4d7d5b2bc,0,0,0,0,0,1,0,1,1
04a41390-feb3-42f4-8fb0-0805414588aa,1,1,0,1,0,1,0,1,1
528e6eeb-333a-4188-862b-9c16a6879dbd,0,1,0,1,0,1,0,1,1
fc16d343-ef95-4b80-8463-0749ca823394,0,0,0,0,0,0,1,1,0
4349eaf2-d380-4af1-a804-81fd5ead2195,0,1,1,0,1,1,0,0,1
b5268f1a-8f84-443e-80ea-31ce598e8bde,0,0,0,1,0,1,0,0,1
7c36d487-7260-4306-bf17-98c58758e04b,0,0,1,1,0,1,0,0,1
a54bc230-01fd-47e7-9ba1-6ba1abd15303,0,1,1,0,1,1,0,0,1
8a8f5f25-f948-48ea-bddd-7a54c280e9c2,1,1,1,0,1,1,0,0,1
c7313750-03bd-4f1c-a995-95fbd9a738ad,0,0,0,0,0,1,0,0,0
c281faff-2b09-45f3-a025-db360d2faed6,0,1,1,1,1,1,0,0,1
07808ef3-80a5-458d-9bc4-01bd42e56240,0,0,1,0,1,0,0,0,1
11573f2f-e2ba-4858-9059-b8199694cebe,1,1,1,0,1,1,0,0,1
9db85d61-ec0d-42b3-92ec-48593651e934,0,1,1,1,0,1,0,0,1
0226cac0-aba1-498e-ba71-cca986b39228,1,0,1,0,0,0,1,0,0
e2f55b75-195c-44bb-a2e3-a3330e98745d,1,0,0,0,0,0,1,1,0
c2c47f67-4451-491d-9a19-a53b7346dded,0,0,1,0,1,1,0,0,1
6df72e10-ae6b-4159-8242-7d0b3935b3c1,0,0,0,1,0,0,0,0,1
d089b817-06b9-4b00-89bf-cd5e59573fbd,0,1,0,1,0,1,0,1,1
b8533091-5ddc-49d2-bbba-263b0e8fa164,0,1,1,1,0,1,0,1,1
2710dc25-5048-479e-b87a-f66e4ce8ad93,0,0,1,1,0,1,0,0,1
d89fe604-0dbc-4776-8e54-dbe01c9a281a,1,1,1,0,1,1,0,0,1
58b40504-2a60-4cbb-8e18-c621e948d0c6,1,1,1,0,1,1,0,1,1
a3266e30-b1d0-452e-8155-af20e2b1522b,0,0,0,1,0,0,1,1,0
0ca7ada6-407f-4a7f-be77-e19242b1f6cf,1,1,1,1,1,1,0,1,1
0cd6992f-1621-4e38-8765-08bd255389a2,0,0,0,1,0,0,1,0,0
dae45840-5904-4f3a-ab6f-49fdddb281c4,0,0,0,0,0,0,1,1,0
ccacf49e-a3a0-438e-a0a0-e72c9b99ef7c,1,1,1,0,1,1,0,1,1
6bc4a280-62c0-48a1-a354-24e38218d810,0,1,1,1,0,1,0,0,1
66a8bf1d-4398-4edd-8912-60c8df957037,0,0,1,1,1,1,0,0,1
a3044abd-8657-42e7-9f67-bf19fed17a29,0,1,1,0,1,1,0,0,1
cddf3479-ca01-481e-9f03-8b738e6bad13,1,0,1,0,0,1,1,0,0
0fc9ff3a-1968-4a4d-8a61-b3d60f9ce85d,0,0,1,1,0,1,0,0,1
00475217-9f3d-42f6-a768-8e4c90f17cee,0,0,1,1,0,0,0,0,0
2ecac16d-c17c-4ac8-8605-c9562a56434a,0,0,1,0,0,1,0,0,1
8175618f-3c23-48e0-baa0-17d15fc98a9d,0,0,0,0,0,0,1,0,0
ac2aa3f1-1ca0-439b-832e-0167b5b93013,1,1,1,0,1,1,0,0,1
e80327e5-ed82-4fd1-b83a-2914f92177c7,1,1,1,0,1,1,0,0,1
ca54143f-9db9-4dd0-b688-6c7df26f3ba7,0,0,1,0,1,0,0,0,0
bc38dc94-4efd-43a7-876d-21058ea4ef8d,0,0,1,0,1,1,0,0,1
36f4db49-6290-4502-9162-ff47045a7a5c,0,0,1,1,0,0,0,0,1
0537a36d-13fe-4ce3-98d0-268a735871b9,0,0,0,0,0,0,1,1,0
9985edb5-41f5-4256-9345-103852510f06,0,0,1,0,0,0,0,0,0
2b2b2df8-cf1f-4e9d-a9a2-f0dc3bd329f1,0,1,1,0,0,1,0,0,1
7a23aeb5-d0fb-4240-a6c0-f8a35ecd6d82,0,1,1,1,1,1,0,0,1
dbc54df4-b31f-4801-9d25-60b8206eb5f0,0,1,1,1,1,1,0,0,1
38e0ccfa-f0c6-4b69-b8d1-055076ea257e,0,0,1,0,1,1,0,0,1
fccc2b25-d7fb-45ef-902f-dea680493516,1,1,1,1,1,1,0,0,1
75ac4c7d-1b93-4558-bb98-a40387779228,0,1,1,0,1,1,0,0,1
1926323f-738d-4587-85df-14a43c55d6c3,1,1,1,0,0,1,1,0,0
2075c68a-9b3b-458c-9cf9-0dc01509c368,0,1,1,0,0,1,0,0,1
63ec91d2-b822-4022-9074-96f6dadf5176,0,0,0,1,0,0,0,1,1
ba413d6c-05d7-476d-a4cf-f3ea6bbcdeab,0,0,0,0,0,0,1,1,0
91b49207-2d4b-4ae9-a88c-eb4fb814e129,1,1,1,0,0,1,0,0,1
4bd78db4-eb15-4180-843e-203a12536abc,0,0,0,0,0,0,1,1,0
7a6d0637-7099-487b-8e5f-5fbc65a2c772,1,1,1,0,0,1,0,1,1
6aaf5183-4de3-4628-9e9c-ef20b983b337,0,1,1,1,0,1,0,1,1
aa159cc4-bd5c-4d8b-b141-8d0ab4e4779b,1,1,1,1,1,1,0,1,1
d2af31af-eb05-4ac5-a25b-cf105e31ba0e,0,0,1,0,1,1,0,0,1
a665d9e9-4b79-4bfc-b7ba-6125dbd069a7,0,0,1,1,0,1,0,0,1
8317c4cd-60b3-4fb4-a07b-f8af0ed4b677,0,0,1,0,0,0,0,0,0
006e89f7-1919-437c-8a19-9cc2e10beaf4,0,0,0,0,0,0,1,1,0
44496951-01ca-4fd7-9294-f6b888877c67,1,0,0,0,0,0,1,1,0
9199fac8-2089-46ae-a525-363ad57e2a8f,0,0,0,0,0,0,1,0,0
54b5923d-3718-44ee-af5c-f3bd808f8d8a,1,1,1,0,1,1,0,0,1
066d0bb6-3bbd-4f9e-aac3-871fa60a80f8,0,1,1,0,1,1,0,0,1
5fa7ced2-66c7-491b-a727-081ffe21af04,1,1,1,0,1,1,0,0,1
309e18ab-a533-4beb-b8ca-f55e99498742,0,0,1,0,0,0,1,0,0
5d50e936-7b52-4952-8713-f63399a04c78,0,0,0,0,0,0,1,1,0
19e3cdb8-6545-4620-84fb-dd2e377fca9c,0,1,1,1,0,1,0,1,1
d1de0ad1-88e1-4fb6-9244-b92b7019099d,1,1,1,0,1,1,0,0,1
f2e595d4-fa59-4afe-bcc1-b721933ead44,0,1,0,1,0,1,0,1,1
14e1bdfb-e232-4911-8a77-7616fa87db9f,1,0,0,0,0,0,1,1,0
7ff21be4-7ba1-49d2-9a1c-580bd5c5cb9a,0,0,1,0,1,0,0,0,0
a52c49f6-d5d2-42fc-b263-4834ca299da6,0,0,0,0,0,0,1,1,0
90310f10-44b4-4c6f-a795-313e4eca24f5,0,0,0,0,0,0,1,1,0
8bb7fb46-4e26-4344-bbdc-371c24e0f0d1,0,0,0,0,0,0,1,1,0
4883e2a1-69f8-47a5-a414-aaa363c42b5c,0,1,1,0,0,1,0,0,1
ea74b18d-3997-4cc8-982f-21d6f0ac0c87,0,0,1,1,0,1,0,0,1
2e3afea4-588d-4159-9732-c5eb9c51d1bb,0,0,1,0,1,0,0,0,0
45f1bc91-49aa-444e-a86a-836b41dc2b63,1,0,1,0,0,1,1,0,0
a9639a8d-740e-4e4e-a024-1d4074bb985d,1,1,1,0,0,1,0,0,1
ceb922ae-4052-4f88-9119-2e0fa2acb0da,0,0,1,0,0,0,1,0,0
6eb87caf-1b4d-4d32-bff7-cca163166c5d,0,1,0,1,0,1,0,1,1
bee90ed4-ffe7-43ce-942a-550063f9dabc,1,1,1,1,1,1,0,0,1
32051d22-0fc2-40fe-9eee-3b6526b7faf4,0,0,1,1,0,1,0,1,1
0cddf3bf-f3ce-4e63-a203-4cc72d620f0b,0,0,1,0,0,0,0,0,1
a7ec4ce0-5bc5-44ac-bedb-6176b591da06,1,0,1,0,1,1,0,0,1
4b8799b3-430c-4289-9915-675d2c43a9cb,1,1,1,0,1,1,0,0,1
3abbea1e-0c9f-41d1-ae5d-1c53449b6b69,0,0,0,0,0,0,1,0,0
59cc3a03-cd50-4314-8d48-96d21df7a5c3,1,0,0,0,0,0,0,1,1
b0925f37-e189-418f-ab51-b0e9f6de41cb,1,1,1,1,1,1,0,1,1
5ec75b0c-d39e-4e47-ba18-893f9f62e5b5,1,1,1,1,1,1,0,1,1
7f72e022-835a-49af-be5e-7c8b4f12b75f,1,1,1,1,1,1,1,1,1
fcfc854c-ab99-4bd6-a65d-e9a9e47f7dfb,0,0,1,0,0,0,0,0,0
96e8d397-2caa-4bcb-a42e-390621c7d835,0,0,0,1,0,0,0,1,1
4cebd0bf-2818-4e19-a226-b1d9f855245a,1,1,1,0,1,1,0,0,1
8a8d92cb-ec63-4d76-a99f-92568878e917,0,0,0,0,0,0,1,0,0
e73cb055-ff73-4f1c-8281-afed4cda1c42,1,1,1,0,1,1,0,0,1
8ee08cc1-7e17-48d0-94cf-d8e1f692d973,0,0,0,0,0,0,1,1,0
0d1dff4d-aebe-421b-8e4f-71dd5bdffd60,0,0,0,0,0,0,1,0,0
52cf393a-2276-46cc-8846-dd0a9f324705,0,1,1,1,0,1,0,0,1
b97dba2d-940a-409e-9cb1-ab96f0a74998,0,1,1,1,0,1,0,0,1
2f05f9c3-98fc-442f-8f35-c49b5ad256b9,0,0,1,0,0,0,1,0,0
eb38104c-b5f6-43ec-a237-bc3369bdce5d,0,1,1,1,0,1,0,0,1
ce270779-3c5b-417f-a672-7e13a8368dc6,0,1,1,1,0,1,0,1,1
e7ee02dc-5f6f-4c95-a199-29827f0cca77,0,1,1,1,0,1,0,0,1
6e029008-ac16-4ad0-a503-af4bfe679298,0,0,1,1,0,1,0,0,1
82ceab94-9833-46c4-823c-bb971fd35956,0,1,1,0,1,1,0,0,1
4a8a04b5-6621-4055-acca-898c9fd9fb63,0,0,0,1,0,0,0,0,1
2c61c5f0-5c39-4dcd-930b-7c0816aa904b,0,0,1,0,0,0,1,0,0
64e3d296-c19d-4ed6-bdcb-3177b4115dc8,1,1,1,0,0,1,0,0,1
dd7939c9-8d0f-4583-b7de-dd8134ccbb5b,0,0,1,0,1,1,0,0,1
801553ac-a3b7-4d83-a014-83021bba9ac1,0,0,0,0,0,0,1,1,0
5f55e29a-e2bc-4760-b67e-46a341dc42e6,0,0,0,1,0,0,0,0,0
f5a03ba5-9f97-4875-89a9-ec5b1af9b83a,0,1,1,1,1,1,0,0,1
257eb2f8-192c-46ef-a2d0-4cfe5dabe0bd,1,1,1,1,1,1,1,1,1
c6eaa52b-99da-4c9d-9b2c-5206ccfb7474,1,1,1,1,1,1,0,1,1
7ffab198-bba1-4b48-9c7c-0bec76135fc0,0,0,0,1,0,1,0,1,1
8556193c-c7ae-432e-bc7a-c99b2124e3c0,1,1,1,0,0,1,0,0,1
6ece7d7e-46c8-44d8-9729-06d9e32f8ef9,1,1,1,0,1,1,0,0,1
dc1b747e-b733-4e0a-ad49-a8944388cf92,1,1,1,0,0,1,0,0,1
2703078b-6a32-4ff0-9494-772a8b8ac499,0,1,1,1,1,1,0,0,1
9fc76fcf-d2a3-4fb4-842e-a38a43d00ac9,1,1,1,0,0,1,0,1,1
1309b1b2-b29d-4d03-b0d0-2816e4c0f871,1,0,1,0,0,0,1,0,0
d4294478-e12f-40c7-915e-03906ee555cb,1,1,1,0,0,1,0,1,1
ea54ac69-7dcd-48e5-aacb-aa8055aa0200,0,1,1,1,1,1,0,1,1
c90c5b17-74c7-4fb1-8b5f-7172eeac1fd4,1,0,1,0,1,1,0,0,1
a2832e66-4202-479d-b933-f5bba2eb3830,1,1,1,0,0,1,0,0,1
e1a5041e-731e-4488-912f-6ef6e84298d7,1,0,0,0,0,1,0,1,1
336cac27-c951-420e-a2d6-9403ed3243af,0,0,0,0,0,0,1,1,0
58da9374-99ce-49c8-96c5-731c3dc2325f,1,1,1,0,1,1,0,0,1
c8b0bd15-cb3e-4453-8738-6bf2667ff32d,0,1,1,0,0,1,0,0,1
57ada071-d8b3-4f80-9be4-ee5c46f15fae,1,1,1,0,1,1,0,0,1
e4b5121c-3fb7-47f0-941b-d2bb7a9dc8cf,0,0,1,0,0,1,0,0,1
2c5955f7-d0e0-4129-8667-e68a5c0fcc19,1,1,1,0,1,1,0,0,1
32a64034-0882-4fb6-bfb6-fec7e16130a8,0,0,1,1,0,1,0,0,1
4904a645-587c-4c5b-b986-11d9df57041a,0,1,1,1,0,1,0,0,1
563b1d10-95d4-4b4f-bec9-476052e0e666,0,1,1,0,1,1,0,0,1
9f8408eb-edfa-4213-9a7a-fd62ebc4092d,0,1,1,1,1,1,0,1,1
97a66ff4-a853-4304-9623-7af2648a4ce5,1,1,1,0,1,1,0,0,1
b0b40491-3d6f-4e4e-8c7d-663fdaa6da8b,1,0,1,0,1,1,0,0,1
ab931fd9-492f-44f9-bc44-e415361d4ce5,0,1,1,0,0,1,0,0,1
2c2a4b63-3288-42c3-b891-71c2c3ff5f67,1,1,1,1,1,1,1,1,1
a072d4b5-d7df-4927-bcbd-fb0b46a0bb26,0,0,0,1,0,0,1,0,0
e49573d9-03d1-4379-b110-7e1215ac5ebb,1,1,1,0,0,1,1,1,1
e9b17a9e-9dd6-4606-b25e-acdef3f1f8ad,1,1,1,0,1,1,0,0,1
ac760d12-8885-47a5-9873-37777ecd1de4,1,1,1,0,0,1,1,0,1
c82c8eec-f093-45a1-a6ee-835acd673376,1,1,1,0,1,1,0,0,1
1bb88188-280a-4d7f-befc-28d9bcde589e,1,0,1,0,0,1,1,1,0
ee5073b2-1c5e-4f42-8d17-a51ca3d17b40,0,1,1,1,1,1,0,0,1
71fe766a-79ae-4a9d-aa9a-cb2df1766cfe,0,1,1,1,0,1,0,0,1
e91b9bfb-ea42-4e40-bbe8-cdc384f5ab66,0,0,0,0,0,0,0,0,0
c02d8364-66df-4caf-8130-619efccc2358,0,0,0,0,0,0,1,0,0
c7383050-8ccc-400e-ab95-6b2082ba1bbb,0,0,0,1,0,1,0,1,1
e9cffc0c-7bd9-4775-85a4-adb32a417b22,1,1,1,1,1,1,0,0,1
b7781471-45c4-47bf-b26d-d6015a9808b2,1,1,1,1,0,1,0,1,1
d233ccaf-8801-430b-90bb-ce4aa04e1d5c,0,0,1,1,0,1,0,0,1
1863fadb-b37b-4905-824f-d59105ef7c43,0,0,0,1,0,0,0,1,1
d19758b5-f67a-4cdb-9782-d583a8580fcc,1,1,1,1,1,1,0,0,1
6f5c43b6-4f45-459d-a344-c9587e1fb583,0,0,1,1,0,1,0,0,1
fd6c6558-e93a-4292-8ab8-3451da25ab52,0,0,1,1,0,1,0,0,1
c31a6488-82ca-4f68-9c80-36963138ddf2,1,1,0,1,0,1,0,1,1
f2a0ae1d-e82c-4d7a-8d9a-a2651c7c1667,0,0,1,0,0,1,0,0,1
e48b83a4-7dc3-4952-8ffd-0839312d0a8d,0,1,1,0,1,1,0,0,1
399e1d5e-e4a2-4535-9390-62075e3bb5d2,0,0,1,0,0,0,1,0,0
47f29aed-25e3-4245-a83c-5088b10f9f09,1,1,1,0,1,1,0,0,1
a1759c99-904d-4aa7-a494-53d881b6a3ea,0,1,0,1,0,1,0,1,1
b2ce1496-b356-4700-b3d9-bf118d623a51,0,0,0,1,0,0,0,0,0
ed291208-078a-41b8-a08d-13fa2805e0ec,1,1,1,0,0,1,0,1,1
ecb327ff-9d7b-4d8a-9668-03a3b06d9675,1,1,1,1,0,1,1,1,1
4a5d21fa-715a-412e-9de7-edd87bf260f3,0,0,0,1,0,0,1,0,0
6469a127-b1cd-4e86-9432-15359fd8151c,0,0,1,0,0,0,0,0,0
e3bab6d1-cd88-4b20-9dc3-13da72d61240,1,0,0,0,0,0,1,1,0
168cba12-4f76-40be-bc50-fd523a2a2691,0,0,0,0,0,0,0,1,0
021b74c6-4506-43af-83be-d17cd201f094,1,0,0,0,0,0,1,1,0
fa5ad672-c06d-4149-9514-b6af8b7583b1,0,0,0,0,0,0,1,0,0
a84d8a97-a71f-4b5c-959d-c2db158a1c90,0,0,1,0,1,1,0,0,1
65683c4e-aa5c-4cd1-b9ed-b465796ba1a2,0,0,0,1,0,0,0,0,1
462558e4-f57c-4af8-aa2a-1a845563de65,0,1,1,1,0,1,0,0,1
4ffdb6e5-6c80-4a4a-8652-b1b962105be2,0,0,1,1,0,0,0,0,1
e8297de4-86a5-4322-9a66-f0e596162a45,1,0,0,0,0,0,1,1,0
59e7c83d-b31b-4a28-ad49-c46a41ca94fa,1,0,1,0,0,0,1,0,0
181518b6-2ccf-48b9-8d4e-1611a48658b2,0,1,1,1,1,1,0,0,1
3fb4cc12-9b8c-4a53-a921-b66a1523af94,0,0,0,1,0,0,1,0,0
9cf72d11-3a06-40c2-9d33-c4c78e111cdc,0,0,0,0,0,0,1,1,0
1a9b0385-3df5-444d-8cf3-83329d8cffcf,0,0,1,1,1,0,0,0,1
2212c19e-2284-424a-9814-b1dec004a977,1,1,1,1,0,1,1,1,1
1b5d2915-fafd-4671-9c72-b4a3946dddd2,0,1,1,1,1,1,0,1,1
004aa8f3-554a-40a8-8ac5-6f6a56760808,0,0,0,0,0,0,1,1,0
7b639bd2-d81c-49b3-baa6-5bb71fa670c3,0,1,1,1,0,1,0,0,1
9413a6b2-c137-4941-8518-152c41a46d8a,0,0,1,1,0,1,0,0,1
cd1e556f-03fe-4cc5-baf8-9c864166f580,0,0,0,1,0,1,0,1,1
20b56e3a-73ac-49df-85ba-67993bf9f4d8,1,1,1,1,1,1,1,1,1
3d7c2dca-962d-4225-926d-671476be907e,0,1,1,1,1,1,0,0,1
7d95b788-d292-41bf-9e03-b67beb70eefb,0,1,1,1,0,1,0,0,1
dd812e9f-4980-4267-9c6c-d5d526e51a85,1,1,1,0,0,1,0,1,1
822dc663-3320-4e79-ace2-06dd8d837595,0,0,1,1,0,0,1,0,0
bb7beb9f-58da-4afd-9197-a7d1cdae18c0,1,1,1,0,1,1,0,0,1
f436eb92-d5b1-4ab1-bba7-434f4820ba46,0,1,1,1,1,1,0,0,1
1318e14d-7b4a-462b-9bfa-0fba2c980c9f,1,1,1,1,1,1,0,0,1
c60bdfd4-a671-4283-8cba-295456326b09,0,1,1,0,1,1,0,0,1
da7128c2-037d-414d-8730-3575895abb60,1,1,1,0,1,1,0,1,1
562603f0-1278-457e-8722-9041e51e9346,0,0,0,1,0,0,0,1,0
d8b44198-9006-4d23-974c-1829907bb0fd,1,1,1,0,1,1,0,0,1
0d864afc-fcd8-4e74-b3ca-132cc05d2c63,1,1,1,0,1,1,0,0,1
c4a72fab-8d35-4385-8623-518df574e9a0,1,0,0,1,0,1,1,1,1
751381b0-021b-4e6d-9fb5-ecbf25b411c1,0,1,1,1,0,1,0,1,1
cf0280f9-dd66-420b-896b-ee2e6018d1d5,1,1,1,1,0,1,1,1,1
3fcdb195-89f5-4e16-8ce9-582916f6fc42,0,0,0,1,0,0,0,0,0
f97fc9e1-52a5-4aef-b786-f2973c9263b4,1,0,1,0,0,0,1,0,0
a84fdff7-ac51-4fd3-8508-47e9df28fe51,1,1,1,0,1,1,0,1,1
cc0231a0-36cd-4014-86d7-f75e494109c4,0,0,0,1,0,0,0,0,0
8a5006bb-e98d-44d7-a809-b906690d2481,0,1,1,1,1,1,0,0,1
066523d1-7da1-43ed-b956-5222a20af889,0,1,1,1,0,1,0,0,1
43eec2ba-d892-480c-aa5f-5e4d489383a2,1,0,1,0,1,0,0,0,0
38b69568-5161-4649-aa13-d6d99443276a,1,0,1,0,0,0,1,1,0
c566e227-867d-49f6-af69-0335f4747939,1,0,1,0,0,1,1,0,0
83cad45e-f81b-4d3b-ac16-2c4f2cb409c0,1,1,1,1,1,1,1,1,1
5768b6af-1153-46bb-8b40-a242d704026b,1,0,1,0,0,0,1,0,0
8cc5b09a-3e6b-436c-a746-29a7b8b11b38,1,0,1,0,1,0,0,0,0
082b6371-068c-4463-a476-42eae8cfe13d,0,1,0,1,0,1,0,1,1
379c67d4-111c-4684-ab6a-7789b4c79ba5,1,1,1,1,1,1,0,0,1
7448f1ff-4afe-4630-b207-82afb1c1ed23,0,0,0,0,0,0,1,1,0
c4b56433-742b-4dac-a2bf-c92877e683fa,0,1,1,1,0,1,0,0,1
b6d66e15-1553-40d1-8893-c62f8a97a00d,0,0,0,0,0,0,1,0,0
fc5e44e8-7b80-410e-af8f-49e03579036f,0,0,0,0,0,0,1,0,0
69aa8f91-45c3-4239-9064-e9901c47855d,0,1,1,1,0,1,0,0,1
223c9edb-0aab-4f87-b611-9978e2723e52,0,0,0,1,0,0,0,0,1
6d8344e6-a22b-4481-b930-a0350f0c5a13,1,1,1,0,1,1,0,0,1
1a7da0e1-7484-40fd-83f0-21c0a73aa02a,0,0,0,1,0,1,0,1,1
6eb6e209-94d1-4a41-86de-f70ef048cd44,0,1,1,0,1,1,0,0,1
c6033def-7ba4-4545-9291-126458a6b1c6,1,1,1,0,1,1,0,0,1
333b45d1-173e-4eca-b49a-cbe88ec9d6de,0,0,1,1,0,1,1,1,1
82eceae2-50be-4b7c-a0cf-8948bba3a1c7,0,0,1,0,0,0,0,0,0
e31bc1f8-8e6e-4db6-b2da-0b267fc813db,0,0,1,1,0,0,0,0,1
f4aea09d-7ee0-4410-b751-b82a192dbfb6,1,1,1,0,1,1,0,0,1
ae8e59c5-1388-47cb-8a0c-00112e5c7043,0,1,1,1,0,1,0,0,1
5806161a-b583-4f18-ae5e-04bd7fa43ef0,1,0,1,0,1,1,0,0,1
016fe600-8ae6-436b-9324-eb36137eec37,0,0,1,0,0,1,0,0,1
2a416494-1db6-4ead-a1ff-be942d1a9a97,0,1,1,1,1,1,0,0,1
371d0e38-4b17-4b82-b5d8-85be2051adfa,0,1,1,0,1,1,0,0,1
00505416-0995-4210-815a-9ceb4cc239e8,1,1,1,0,0,1,0,1,1
e328fbd3-23b5-476f-911a-7b54a15d50b4,0,1,1,0,1,1,0,0,1
38d880e7-2b5a-4730-8be0-875c4aa5456f,0,0,0,0,0,0,1,0,0
8978047a-ec54-412a-bcee-070fe1fb055c,1,1,1,1,1,1,0,0,1
f1f04933-e298-4f65-bbeb-bc61a567a688,1,1,1,0,1,1,0,0,1
a033955d-12c2-4549-bafd-ca8e84615f1b,0,1,1,1,0,1,0,1,1
9464e84d-36b6-4b69-b0fb-f3c0546a8b10,0,0,1,0,0,0,1,0,0
93ec8a32-0f64-4965-ba02-5b369ed16ca4,0,0,1,1,0,1,0,0,1
